data,esalq_rs_sc50kg,ny_cont_clb,tela,usd_ptax,ny_equiv_rs_sc50kg
2026-08-14,97.9,16.6,V26,5.2236,102.78
2026-08-13,98.31,16.82,V26,5.1859,103.39
2026-08-12,97.41,16.42,V26,5.1639,100.5
2026-08-11,96.94,16.73,V26,5.1285,101.7
2026-08-10,97.51,16.47,V26,5.0963,99.49
2026-08-07,96.02,16.45,V26,5.0908,99.26
2026-08-06,93.88,15.57,V26,5.1017,94.15
2026-08-05,92.47,15.15,V26,5.1154,91.86
2026-08-04,91.89,15.04,V26,5.1053,91.01
2026-08-03,90.82,15.01,V26,5.0723,90.24
2026-07-31,91.5,14.66,V26,5.0773,88.22
2026-07-30,92.4,14.43,V26,5.0739,86.78
2026-07-29,92.93,14.5,V26,5.1217,88.02
2026-07-28,92.39,14.55,V26,5.1177,88.26
2026-07-27,92.75,14.58,V26,5.1005,88.14
2026-07-24,93.3,14.77,V26,5.0666,88.7
2026-07-23,91.49,14.69,V26,5.0807,88.46
2026-07-22,91.68,14.74,V26,5.0638,88.47
2026-07-21,91.13,14.88,V26,5.078,89.56
2026-07-20,92.23,14.82,V26,5.0894,89.4
2026-07-17,93.56,14.83,V26,5.1176,89.96
2026-07-16,91.15,14.44,V26,5.0975,87.25
2026-07-15,91.58,14.85,V26,5.0727,89.29
2026-07-14,92.11,14.88,V26,5.0742,89.49
2026-07-13,90.72,14.75,V26,5.1183,89.48
2026-07-10,91.21,14.88,V26,5.1088,90.1
2026-07-09,92.21,15.12,V26,5.1329,91.99
2026-07-08,92.21,15.11,V26,5.1552,92.33
2026-07-07,93.87,15.14,V26,5.1458,92.34
2026-07-06,91.94,15.22,V26,5.167,93.21
2026-07-02,92.23,14.85,V26,5.1945,91.43
2026-07-01,91.29,14.99,V26,5.195,92.3
2026-06-30,91.27,14.34,N26,5.1766,87.99
2026-06-29,92.69,14.29,N26,5.1717,87.6
2026-06-26,92.31,13.98,N26,5.1695,85.66
2026-06-25,92.73,13.55,N26,5.1892,83.34
2026-06-24,92.44,13.42,N26,5.2098,82.87
2026-06-23,94.07,13.42,N26,5.1743,82.3
2026-06-22,91.6,13.35,N26,5.1395,81.32
2026-06-18,90.75,13.59,N26,5.1613,83.14
2026-06-17,91.48,13.85,N26,5.0641,83.13
2026-06-16,92.1,13.82,N26,5.078,83.18
2026-06-15,93.63,13.68,N26,5.043,81.77
2026-06-12,92.84,13.7,N26,5.0827,82.53
2026-06-11,92.18,13.79,N26,5.1478,84.14
2026-06-10,92.35,13.92,N26,5.1763,85.4
2026-06-09,92.9,14.08,N26,5.1693,86.27
2026-06-08,91.36,14.12,N26,5.1695,86.52
2026-06-05,93.24,14.14,N26,5.1244,85.88
2026-06-03,93.24,14.24,N26,5.0415,85.09
2026-06-02,93.02,14.38,N26,5.016,85.49
2026-06-01,94.27,14.45,N26,5.0303,86.16
2026-05-29,93.0,14.06,N26,5.0569,84.27
2026-05-28,93.84,13.93,N26,5.0517,83.41
2026-05-27,94.22,14.14,N26,5.0579,84.77
2026-05-26,93.09,14.54,N26,5.0211,86.53
2026-05-22,93.56,14.7,N26,5.014,87.36
2026-05-21,94.08,14.9,N26,5.0077,88.44
2026-05-20,93.25,14.73,N26,5.0301,87.82
2026-05-19,93.96,15.01,N26,5.0378,89.63
2026-05-18,94.7,14.73,N26,5.0093,87.46
2026-05-15,95.04,14.8,N26,5.0654,88.86
2026-05-14,95.23,14.99,N26,4.9809,88.5
2026-05-13,96.52,15.38,N26,4.9118,89.54
2026-05-12,96.3,15.01,N26,4.8977,87.14
2026-05-11,96.6,14.91,N26,4.8973,86.55
2026-05-08,96.59,14.69,N26,4.8999,85.32
2026-05-07,97.83,14.54,N26,4.917,84.74
2026-05-06,97.72,14.81,N26,4.9274,86.5
2026-05-05,97.43,15.37,N26,4.9242,89.71
2026-05-04,97.83,15.29,N26,4.9587,89.87
2026-04-30,97.91,14.58,K26,4.9886,86.21
2026-04-29,99.82,14.68,K26,4.9985,86.97
2026-04-28,97.66,14.11,K26,4.9878,83.42
2026-04-27,98.71,13.83,K26,4.97,81.47
2026-04-24,99.66,13.93,K26,5.0083,82.69
2026-04-23,96.06,13.6,K26,4.9539,79.86
2026-04-22,99.04,13.57,K26,4.9653,79.86
2026-04-20,99.39,13.47,K26,4.9844,79.58
2026-04-17,99.9,13.31,K26,4.9695,78.4
2026-04-16,99.14,13.66,K26,5.0007,80.97
2026-04-15,99.37,13.51,K26,4.9928,79.95
2026-04-14,101.5,13.88,K26,4.9806,81.94
2026-04-13,103.47,13.68,K26,5.0244,81.47
2026-04-10,105.78,13.75,K26,5.0229,81.86
2026-04-09,104.16,13.92,K26,5.0821,83.85
2026-04-08,103.82,14.23,K26,5.0899,85.85
2026-04-07,103.38,14.58,K26,5.1625,89.22
2026-04-06,104.16,14.97,K26,5.1532,91.44
2026-04-02,105.06,15.0,K26,5.1655,91.84
2026-04-01,105.33,15.29,K26,5.1606,93.53
2026-03-31,105.46,15.52,K26,5.2194,96.01
2026-03-30,105.41,15.55,K26,5.2353,96.49
2026-03-27,103.29,15.76,K26,5.2376,97.84
2026-03-26,103.83,15.87,K26,5.2308,98.39
2026-03-25,102.28,15.55,K26,5.2275,96.35
2026-03-24,102.26,15.88,K26,5.2599,99.0
2026-03-23,100.77,15.52,K26,5.244,96.47
2026-03-20,101.32,15.7,K26,5.28,98.25
2026-03-19,100.51,15.37,K26,5.2587,95.8
2026-03-18,98.16,14.8,K26,5.2112,91.42
2026-03-17,97.11,14.45,K26,5.2022,89.1
2026-03-16,97.62,14.19,K26,5.2647,88.55
2026-03-13,97.24,14.37,K26,5.2541,89.49
2026-03-12,95.79,14.38,K26,5.2051,88.72
2026-03-11,97.28,14.25,K26,5.1596,87.15
2026-03-10,98.52,14.38,K26,5.1622,87.99
2026-03-09,98.31,14.59,K26,5.2139,90.17
2026-03-06,97.38,14.1,K26,5.2878,88.37
2026-03-05,97.62,13.72,K26,5.2447,85.29
2026-03-04,98.23,13.73,K26,5.2091,84.77
2026-03-03,98.23,13.93,K26,5.287,87.29
2026-03-02,98.55,13.91,K26,5.2001,85.74
2026-02-27,98.59,14.3,H26,5.1495,87.28
2026-02-26,98.14,14.41,H26,5.1382,87.76
2026-02-25,98.28,14.59,H26,5.144,88.96
2026-02-24,99.11,14.55,H26,5.1682,89.13
2026-02-23,99.09,14.45,H26,5.1635,88.44
2026-02-20,100.45,14.3,H26,5.2006,88.15
2026-02-19,101.9,14.07,H26,5.2257,87.15
2026-02-18,99.25,14.17,H26,5.2349,87.92
2026-02-13,99.51,13.78,H26,5.2288,85.4
2026-02-12,98.53,13.75,H26,5.1674,84.22
2026-02-11,99.67,13.84,H26,5.1836,85.03
2026-02-10,101.65,14.12,H26,5.2021,87.06
2026-02-09,100.1,14.35,H26,5.1943,88.35
2026-02-06,100.63,14.11,H26,5.2341,87.54
2026-02-05,101.76,14.27,H26,5.258,88.93
2026-02-04,102.82,14.44,H26,5.2359,89.61
2026-02-03,105.81,14.63,H26,5.2236,90.58
2026-02-02,106.29,14.26,H26,5.2587,88.88
2026-01-30,104.89,14.27,H26,5.2301,88.46
2026-01-29,104.78,14.7,H26,5.1956,90.53
2026-01-28,104.6,14.71,H26,5.1838,90.38
2026-01-27,104.95,14.83,H26,5.2392,92.09
2026-01-26,104.92,14.79,H26,5.276,92.49
2026-01-23,104.84,14.73,H26,5.2879,92.32
2026-01-22,104.59,14.96,H26,5.3118,94.19
2026-01-21,104.66,14.74,H26,5.3368,93.24
2026-01-20,103.44,14.72,H26,5.379,93.85
2026-01-16,103.97,14.96,H26,5.3798,95.39
2026-01-15,106.98,14.57,H26,5.3846,92.99
2026-01-14,106.71,14.68,H26,5.3795,93.6
2026-01-13,105.4,14.89,H26,5.3764,94.89
2026-01-12,106.65,14.84,H26,5.376,94.56
2026-01-09,106.65,14.89,H26,5.3707,94.79
2026-01-08,107.34,14.97,H26,5.386,95.57
2026-01-07,107.91,14.98,H26,5.388,95.67
2026-01-06,106.76,14.76,H26,5.3797,94.12
2026-01-05,108.77,14.73,H26,5.4351,94.89
2026-01-02,109.99,14.6,H26,5.4372,94.09
2025-12-30,109.99,14.84,H26,5.5024,96.78
2025-12-29,109.99,15.26,H26,5.5739,100.82
2025-12-26,110.63,15.17,H26,5.5413,99.64
2025-12-23,110.63,15.2,H26,5.5643,100.25
2025-12-22,110.63,14.99,H26,5.5389,98.41
2025-12-19,110.75,14.82,H26,5.516,96.89
2025-12-18,111.0,14.48,H26,5.5283,94.88
2025-12-17,109.65,14.76,H26,5.5093,96.38
2025-12-16,109.74,14.82,H26,5.4505,95.74
2025-12-15,109.1,14.95,H26,5.3929,95.56
2025-12-12,110.43,15.1,H26,5.4011,96.67
2025-12-11,109.94,14.85,H26,5.4237,95.46
2025-12-10,112.9,14.91,H26,5.4656,96.59
2025-12-09,110.82,14.67,H26,5.457,94.89
2025-12-08,107.39,14.82,H26,5.4249,95.29
2025-12-05,107.39,14.8,H26,5.3405,93.68
2025-12-04,107.58,14.88,H26,5.2952,93.39
2025-12-03,107.42,14.93,H26,5.3114,93.99
2025-12-02,108.77,14.98,H26,5.3465,94.93
2025-12-01,109.02,14.76,H26,5.3469,93.54
2025-11-28,108.5,15.21,H26,5.3338,96.16
2025-11-26,106.98,15.14,H26,5.3694,96.35
2025-11-25,105.52,14.91,H26,5.3841,95.15
2025-11-24,106.12,14.82,H26,5.3948,94.76
2025-11-21,106.5,14.78,H26,5.3902,94.43
2025-11-19,106.81,14.66,H26,5.3346,92.7
2025-11-18,107.16,14.7,H26,5.3361,92.97
2025-11-17,106.25,14.8,H26,5.3108,93.16
2025-11-14,106.41,14.96,H26,5.2952,93.89
2025-11-13,107.06,14.44,H26,5.282,90.4
2025-11-12,107.14,14.52,H26,5.2885,91.02
2025-11-11,108.71,14.25,H26,5.2729,89.06
2025-11-10,107.84,14.2,H26,5.3181,89.51
2025-11-07,107.16,14.1,H26,5.3567,89.52
2025-11-06,108.32,14.19,H26,5.3451,89.9
2025-11-05,108.97,14.11,H26,5.3798,89.97
2025-11-04,109.68,14.22,H26,5.3846,90.76
2025-11-03,112.34,14.65,H26,5.3505,92.91
2025-10-31,113.65,14.43,H26,5.3843,92.09
2025-10-30,112.92,14.28,H26,5.385,91.15
2025-10-29,111.77,14.42,H26,5.3416,91.3
2025-10-28,111.04,14.37,H26,5.369,91.45
2025-10-27,111.13,14.46,H26,5.3744,92.11
2025-10-24,113.48,14.97,H26,5.3797,95.46
2025-10-23,112.28,15.29,H26,5.384,97.57
2025-10-22,112.02,15.1,H26,5.3898,96.47
2025-10-21,113.55,15.24,H26,5.3848,97.27
2025-10-20,114.8,15.72,H26,5.3771,100.19
2025-10-17,116.1,15.5,H26,5.439,99.92
2025-10-16,115.67,15.8,H26,5.4354,101.79
2025-10-15,116.52,15.69,H26,5.4464,101.29
2025-10-14,115.84,15.88,H26,5.4982,103.49
2025-10-13,116.73,15.61,H26,5.4629,101.08
2025-10-10,117.05,16.1,H26,5.4446,103.9
2025-10-09,116.98,16.26,H26,5.3538,103.18
2025-10-08,117.21,16.29,H26,5.3427,103.16
2025-10-07,117.99,16.63,H26,5.3363,105.18
2025-10-06,117.56,16.81,H26,5.3226,106.05
2025-10-03,116.46,16.47,H26,5.3498,104.44
2025-10-02,117.61,16.4,H26,5.3449,103.9
2025-10-01,115.64,16.13,H26,5.3208,101.73
2025-09-30,117.33,16.1,V25,5.3186,101.49
2025-09-29,117.2,16.02,V25,5.3229,101.07
2025-09-26,117.61,15.87,V25,5.3445,100.53
2025-09-25,118.44,15.76,V25,5.3425,99.8
2025-09-24,118.7,15.64,V25,5.3112,98.46
2025-09-23,119.79,15.66,V25,5.3063,98.49
2025-09-22,119.7,15.25,V25,5.3457,96.63
2025-09-19,120.45,15.46,V25,5.3276,97.63
2025-09-18,119.33,15.38,V25,5.301,96.64
2025-09-17,119.37,15.54,V25,5.3011,97.64
2025-09-16,117.99,15.9,V25,5.3096,100.06
2025-09-15,117.77,16.0,V25,5.3208,100.91
2025-09-12,117.23,15.79,V25,5.3677,100.46
2025-09-11,118.96,15.82,V25,5.3858,100.99
2025-09-10,119.39,15.93,V25,5.4123,102.19
2025-09-09,119.52,15.84,V25,5.4278,101.91
2025-09-08,118.84,15.63,V25,5.4278,100.55
2025-09-05,119.65,15.55,V25,5.3968,99.47
2025-09-04,117.33,15.69,V25,5.4587,101.52
2025-09-03,117.81,16.03,V25,5.4485,103.52
2025-09-02,118.99,16.15,V25,5.468,104.67
2025-08-29,118.44,16.37,V25,5.4264,105.29
2025-08-28,118.6,16.48,V25,5.4115,105.71
2025-08-27,117.83,16.47,V25,5.4428,106.25
2025-08-26,119.04,16.41,V25,5.4218,105.46
2025-08-25,119.54,16.4,V25,5.4174,105.31
2025-08-22,120.42,16.48,V25,5.4392,106.25
2025-08-21,120.21,16.35,V25,5.4828,106.25
2025-08-20,119.34,16.57,V25,5.4726,107.48
2025-08-19,120.49,16.31,V25,5.4716,105.78
2025-08-18,121.11,16.25,V25,5.4155,104.31
2025-08-15,121.18,16.44,V25,5.3928,105.08
2025-08-14,119.65,16.58,V25,5.4095,106.31
2025-08-13,119.85,16.85,V25,5.3928,107.7
2025-08-12,119.92,16.94,V25,5.4052,108.53
2025-08-11,119.33,16.49,V25,5.4473,106.47
2025-08-08,119.83,16.25,V25,5.4254,104.5
2025-08-07,120.04,16.01,V25,5.4638,103.68
2025-08-06,120.36,16.01,V25,5.4802,103.99
2025-08-05,120.54,16.09,V25,5.5119,105.12
2025-08-04,119.24,16.25,V25,5.5113,106.15
2025-08-01,119.34,16.18,V25,5.5436,106.31
2025-07-31,120.45,16.35,V25,5.6021,108.56
2025-07-30,120.6,16.45,V25,5.6034,109.25
2025-07-29,120.62,16.59,V25,5.5764,109.65
2025-07-28,120.94,16.43,V25,5.5877,108.82
2025-07-25,121.09,16.29,V25,5.5426,107.02
2025-07-24,120.1,16.57,V25,5.5239,108.49
2025-07-23,119.83,16.24,V25,5.5537,106.9
2025-07-22,120.19,16.28,V25,5.5709,107.5
2025-07-21,120.32,16.37,V25,5.5625,107.93
2025-07-18,121.22,16.82,V25,5.5466,110.58
2025-07-17,120.11,16.74,V25,5.5737,110.59
2025-07-16,118.28,16.56,V25,5.5722,109.37
2025-07-15,117.32,16.56,V25,5.5576,109.09
2025-07-14,116.93,16.3,V25,5.5595,107.41
2025-07-11,116.09,16.57,V25,5.5722,109.44
2025-07-10,115.9,16.26,V25,5.5433,106.83
2025-07-09,116.09,16.56,V25,5.4626,107.22
2025-07-08,116.09,16.13,V25,5.4571,104.33
2025-07-07,117.44,16.28,V25,5.4552,105.27
2025-07-04,116.73,16.38,V25,5.409,105.02
2025-07-03,116.57,16.38,V25,5.4208,105.24
2025-07-02,115.95,15.58,V25,5.4512,100.67
2025-07-01,116.46,15.7,V25,5.4511,101.44
2025-06-30,116.61,15.48,N25,5.4571,100.13
2025-06-27,117.69,15.81,N25,5.4759,102.61
2025-06-26,118.76,15.65,N25,5.5145,102.29
2025-06-25,119.84,15.98,N25,5.5427,104.98
2025-06-24,120.73,15.77,N25,5.4938,102.69
2025-06-23,124.21,16.04,N25,5.5213,104.97
2025-06-20,123.02,16.1,N25,5.4957,104.87
2025-06-18,124.99,15.88,N25,5.4879,103.29
2025-06-17,126.89,16.08,N25,5.4773,104.39
2025-06-16,128.22,16.52,N25,5.5123,107.94
2025-06-13,125.53,16.13,N25,5.5652,106.4
2025-06-12,126.56,16.27,N25,5.5388,106.81
2025-06-11,127.06,16.42,N25,5.539,107.8
2025-06-10,130.08,16.48,N25,5.5557,108.52
2025-06-09,132.48,16.67,N25,5.576,110.17
2025-06-06,131.8,16.49,N25,5.5947,109.35
2025-06-05,131.4,16.57,N25,5.5969,109.92
2025-06-04,134.17,16.75,N25,5.6332,111.84
2025-06-03,134.7,16.9,N25,5.6694,113.57
2025-06-02,134.01,16.88,N25,5.6937,113.92
2025-05-30,133.59,17.05,N25,5.7087,115.37
2025-05-29,136.42,17.0,N25,5.6559,113.96
2025-05-28,134.63,16.9,N25,5.6936,114.05
2025-05-27,133.33,17.22,N25,5.6539,115.4
2025-05-23,134.3,17.29,N25,5.6932,116.67
2025-05-22,133.19,17.4,N25,5.639,116.3
2025-05-21,135.02,17.7,N25,5.6571,118.68
2025-05-20,133.27,17.34,N25,5.662,116.37
2025-05-19,134.94,17.45,N25,5.6591,117.05
2025-05-16,136.94,17.52,N25,5.6925,118.21
2025-05-15,138.02,17.67,N25,5.6328,117.97
2025-05-14,138.71,18.06,N25,5.61,120.09
2025-05-13,139.45,18.22,N25,5.6262,121.5
2025-05-12,141.15,17.7,N25,5.6822,119.21
2025-05-09,141.29,17.78,N25,5.6511,119.09
2025-05-08,141.36,17.5,N25,5.686,117.94
2025-05-07,141.75,17.13,N25,5.7375,116.49
2025-05-06,142.07,17.44,N25,5.721,118.26
2025-05-05,141.82,17.47,N25,5.652,117.04
2025-05-02,141.64,17.2,N25,5.6394,114.97
2025-04-30,143.92,17.46,K25,5.6608,117.15
2025-04-29,142.84,17.62,K25,5.6467,117.93
2025-04-28,143.04,17.84,K25,5.6681,119.85
2025-04-25,143.81,18.18,K25,5.6846,122.49
2025-04-24,143.62,17.92,K25,5.6738,120.51
2025-04-23,144.64,17.94,K25,5.688,120.95
2025-04-22,144.87,17.99,K25,5.7496,122.6
2025-04-17,144.31,17.93,K25,5.8559,124.45
2025-04-16,142.47,17.86,K25,5.8808,124.49
2025-04-15,142.68,17.52,K25,5.8707,121.91
2025-04-14,142.35,17.87,K25,5.8425,123.75
2025-04-11,141.59,18.0,K25,5.8737,125.32
2025-04-10,142.28,18.12,K25,5.9115,126.96
2025-04-09,141.29,17.91,K25,6.0605,128.65
2025-04-08,141.23,18.31,K25,5.9368,128.84
2025-04-07,140.42,18.68,K25,5.8877,130.36
2025-04-04,139.84,18.84,K25,5.7777,129.02
2025-04-03,139.0,19.11,K25,5.6067,127.0
2025-04-02,141.68,19.59,K25,5.6923,132.17
2025-04-01,141.03,19.35,K25,5.7051,130.85
2025-03-31,139.72,18.86,K25,5.7422,128.36
2025-03-28,139.42,18.96,K25,5.766,129.58
2025-03-27,137.96,19.09,K25,5.7474,130.05
2025-03-26,139.63,19.35,K25,5.7298,131.41
2025-03-25,137.89,19.51,K25,5.6992,131.79
2025-03-24,138.01,19.26,K25,5.7403,131.04
2025-03-21,139.14,19.72,K25,5.7241,133.79
2025-03-20,136.95,20.0,K25,5.6628,134.24
2025-03-19,139.94,19.69,K25,5.6657,132.23
2025-03-18,138.25,19.99,K25,5.6852,134.7
2025-03-17,139.87,19.97,K25,5.7082,135.11
2025-03-14,139.5,19.19,K25,5.7419,130.6
2025-03-13,142.76,19.25,K25,5.8131,132.64
2025-03-12,139.94,18.86,K25,5.8268,130.25
2025-03-11,140.28,18.67,K25,5.8346,129.11
2025-03-10,140.4,18.85,K25,5.793,129.43
2025-03-07,143.09,18.31,K25,5.7688,125.2
2025-03-06,139.95,18.13,K25,5.7489,123.54
2025-03-05,141.23,18.2,K25,5.7914,124.93
2025-02-28,138.87,19.51,H25,5.8488,135.25
2025-02-27,140.34,19.69,H25,5.8228,135.89
2025-02-26,141.82,20.64,H25,5.7757,141.3
2025-02-25,139.94,21.46,H25,5.7779,146.97
2025-02-24,142.07,21.09,H25,5.7258,143.13
2025-02-21,141.66,21.31,H25,5.7027,144.04
2025-02-20,142.12,21.05,H25,5.7019,142.26
2025-02-19,139.24,20.69,H25,5.7087,140.0
2025-02-18,142.09,20.52,H25,5.6979,138.58
2025-02-14,142.55,20.42,H25,5.7283,138.64
2025-02-13,142.92,20.17,H25,5.7788,138.15
2025-02-12,143.86,19.76,H25,5.7711,135.17
2025-02-11,144.89,19.87,H25,5.7788,136.1
2025-02-10,147.3,19.5,H25,5.7808,133.61
2025-02-07,146.71,19.36,H25,5.7557,132.08
2025-02-06,149.23,19.57,H25,5.7856,134.2
2025-02-05,148.54,19.76,H25,5.7997,135.84
2025-02-04,148.28,19.66,H25,5.7927,134.98
2025-02-03,150.05,19.26,H25,5.8687,133.97
2025-01-31,153.25,19.35,H25,5.8301,133.71
2025-01-30,150.21,19.47,H25,5.9006,136.17
2025-01-29,151.79,19.45,H25,5.8596,135.09
2025-01-28,149.63,19.23,H25,5.893,134.32
2025-01-27,150.72,19.17,H25,5.9272,134.68
2025-01-24,153.6,19.02,H25,5.8925,132.84
2025-01-23,154.79,18.69,H25,5.9399,131.59
2025-01-22,153.2,18.16,H25,5.9674,128.45
2025-01-21,153.57,17.79,H25,6.044,127.44
2025-01-17,152.8,18.22,H25,6.0609,130.89
2025-01-16,153.41,18.41,H25,6.0322,131.63
2025-01-15,153.37,18.01,H25,6.0377,128.89
2025-01-14,156.95,18.32,H25,6.0671,131.74
2025-01-13,158.36,18.9,H25,6.1079,136.83
2025-01-10,159.78,19.22,H25,6.0965,138.88
2025-01-09,158.18,19.1,H25,6.0896,137.86
2025-01-08,158.53,19.24,H25,6.1321,139.84
2025-01-07,158.99,19.45,H25,6.0741,140.03
2025-01-06,160.97,19.33,H25,6.1119,140.03
2025-01-03,160.07,19.65,H25,6.1563,143.38
2025-01-02,159.96,19.73,H25,6.2086,145.19
2024-12-30,161.27,19.13,H25,6.1923,140.41
2024-12-27,160.77,19.37,H25,6.1991,142.32
2024-12-26,159.57,19.26,H25,6.1656,140.75
2024-12-23,160.59,19.54,H25,6.1612,142.7
2024-12-20,160.99,19.51,H25,6.078,140.55
2024-12-19,160.99,19.4,H25,6.1841,142.2
2024-12-18,161.15,19.65,H25,6.1624,143.53
2024-12-17,160.43,19.84,H25,6.1685,145.06
2024-12-16,160.77,20.68,H25,6.0509,148.32
2024-12-13,161.29,20.72,H25,6.04,148.34
2024-12-12,161.33,20.89,H25,5.9408,147.1
2024-12-11,159.79,21.28,H25,6.032,152.14
2024-12-10,161.02,21.04,H25,6.0529,150.95
2024-12-09,163.1,21.5,H25,6.057,154.35
2024-12-06,163.41,21.81,H25,6.0293,155.86
2024-12-05,164.19,21.2,H25,5.9849,150.39
2024-12-04,164.52,21.26,H25,6.0581,152.66
2024-12-03,162.32,21.37,H25,6.0707,153.77
2024-12-02,163.6,21.07,H25,6.0634,151.43
2024-11-29,164.55,21.08,H25,6.0535,151.25
2024-11-27,165.53,21.69,H25,5.8291,149.86
2024-11-26,166.57,21.57,H25,5.799,148.26
2024-11-25,166.4,21.15,H25,5.8002,145.4
2024-11-22,167.17,21.36,H25,5.8124,147.16
2024-11-21,167.97,21.38,H25,5.8173,147.42
2024-11-19,167.83,22.02,H25,5.7743,150.71
2024-11-18,168.16,22.2,H25,5.7603,151.57
2024-11-14,167.72,21.56,H25,5.7885,147.92
2024-11-13,167.19,21.17,H25,5.7713,144.82
2024-11-12,167.53,21.35,H25,5.7694,146.0
2024-11-11,166.76,21.36,H25,5.798,146.79
2024-11-08,166.46,21.82,H25,5.7648,149.09
2024-11-07,166.09,22.2,H25,5.6624,149.0
2024-11-06,165.83,22.03,H25,5.7648,150.53
2024-11-05,165.87,21.9,H25,5.7846,150.15
2024-11-04,165.78,21.93,H25,5.7898,150.5
2024-11-01,164.66,22.07,H25,5.8073,151.91
2024-10-31,163.79,22.74,H25,5.7779,155.73
2024-10-30,162.28,22.22,H25,5.7801,152.23
2024-10-29,160.03,22.08,H25,5.714,149.54
2024-10-28,157.58,21.96,H25,5.6988,148.33
2024-10-25,158.26,22.14,H25,5.6969,149.5
2024-10-24,158.26,22.2,H25,5.7087,150.21
2024-10-23,157.9,22.34,H25,5.7149,151.33
2024-10-22,156.3,21.73,H25,5.6958,146.7
2024-10-21,155.48,21.83,H25,5.7068,147.66
2024-10-18,155.4,22.18,H25,5.6672,148.99
2024-10-17,154.02,22.16,H25,5.6758,149.08
2024-10-16,152.0,22.0,H25,5.6749,147.98
2024-10-15,151.64,22.82,H25,5.6378,152.49
2024-10-14,150.35,22.39,H25,5.6045,148.73
2024-10-11,150.0,22.24,H25,5.6263,148.31
2024-10-10,148.44,22.16,H25,5.5819,146.61
2024-10-09,146.2,22.04,H25,5.5737,145.6
2024-10-08,146.82,22.49,H25,5.5197,147.14
2024-10-07,146.86,22.55,H25,5.4626,146.0
2024-10-04,146.97,23.01,H25,5.4686,149.15
2024-10-03,145.79,23.24,H25,5.485,151.09
2024-10-02,145.1,22.68,H25,5.4305,145.98
2024-10-01,145.33,22.97,H25,5.4521,148.44
2024-09-30,146.32,22.67,V24,5.4481,146.39
2024-09-27,146.79,22.79,V24,5.4431,147.03
2024-09-26,146.57,23.31,V24,5.4412,150.33
2024-09-25,144.46,23.42,V24,5.4736,151.94
2024-09-24,143.56,23.12,V24,5.4702,149.9
2024-09-23,144.3,22.55,V24,5.5446,148.2
2024-09-20,143.54,22.66,V24,5.4775,147.12
2024-09-19,141.44,21.93,V24,5.4189,140.85
2024-09-18,141.83,21.16,V24,5.4767,137.36
2024-09-17,141.68,19.98,V24,5.501,130.27
2024-09-16,142.4,19.18,V24,5.5207,125.51
2024-09-13,140.46,19.01,V24,5.5717,125.54
2024-09-12,140.25,19.07,V24,5.6554,127.83
2024-09-11,139.98,18.73,V24,5.6387,125.18
2024-09-10,138.9,18.47,V24,5.6254,123.15
2024-09-09,138.89,18.83,V24,5.6097,125.2
2024-09-06,137.06,18.91,V24,5.5702,124.85
2024-09-05,136.67,19.22,V24,5.6049,127.69
2024-09-04,136.94,19.24,V24,5.6359,128.53
2024-09-03,135.97,19.49,V24,5.6224,129.88
2024-08-30,133.44,19.38,V24,5.6562,129.93
2024-08-29,129.43,19.89,V24,5.6358,132.87
2024-08-28,130.73,19.54,V24,5.5315,128.11
2024-08-27,130.66,19.6,V24,5.4969,127.7
2024-08-26,131.72,19.04,V24,5.4921,123.94
2024-08-23,129.71,18.39,V24,5.5263,120.46
2024-08-22,128.4,17.85,V24,5.5524,117.47
2024-08-21,129.46,17.65,V24,5.4707,114.45
2024-08-20,129.92,17.57,V24,5.4547,113.6
2024-08-19,128.73,18.02,V24,5.4237,115.84
2024-08-16,131.19,18.03,V24,5.4632,116.75
2024-08-15,129.33,17.88,V24,5.4651,115.82
2024-08-14,129.78,17.97,V24,5.4502,116.09
2024-08-13,130.17,18.39,V24,5.4875,119.61
2024-08-12,130.22,18.29,V24,5.4911,119.04
2024-08-09,130.76,18.48,V24,5.5115,120.72
2024-08-08,132.52,18.57,V24,5.6172,123.64
2024-08-07,131.35,18.14,V24,5.6093,120.61
2024-08-06,131.44,17.87,V24,5.6528,119.73
2024-08-05,132.68,18.08,V24,5.7646,123.53
2024-08-02,132.07,18.1,V24,5.7366,123.07
2024-08-01,132.48,18.5,V24,5.6681,124.29
2024-07-31,133.79,18.94,V24,5.6621,127.11
2024-07-30,132.38,19.12,V24,5.6532,128.12
2024-07-29,133.19,19.01,V24,5.6479,127.26
2024-07-26,133.0,18.42,V24,5.6465,123.28
2024-07-25,132.31,18.66,V24,5.6402,124.75
2024-07-24,134.34,17.91,V24,5.6346,119.61
2024-07-23,133.04,18.16,V24,5.5807,120.12
2024-07-22,132.48,18.3,V24,5.5598,120.6
2024-07-19,133.36,18.66,V24,5.5543,122.85
2024-07-18,134.27,18.94,V24,5.5426,124.43
2024-07-17,135.13,19.36,V24,5.467,125.45
2024-07-16,132.19,19.62,V24,5.4274,126.22
2024-07-15,132.45,19.76,V24,5.4563,127.79
2024-07-12,132.05,19.2,V24,5.4529,124.09
2024-07-11,132.98,19.43,V24,5.41,124.59
2024-07-10,132.94,19.81,V24,5.3967,126.72
2024-07-09,132.9,19.62,V24,5.4387,126.48
2024-07-08,132.9,20.13,V24,5.472,130.56
2024-07-05,133.39,20.14,V24,5.497,131.22
2024-07-03,133.94,20.53,V24,5.5863,135.94
2024-07-02,132.54,20.61,V24,5.6677,138.45
2024-07-01,132.35,20.23,V24,5.5893,134.02
2024-06-28,132.86,20.31,N24,5.5589,133.82
2024-06-27,133.23,20.12,N24,5.5229,131.71
2024-06-26,133.44,19.24,N24,5.5097,125.65
2024-06-25,135.13,19.1,N24,5.429,122.91
2024-06-24,136.87,19.41,N24,5.4,124.23
2024-06-21,137.95,18.97,N24,5.4416,122.35
2024-06-20,137.53,18.89,N24,5.4254,121.47
2024-06-18,136.69,18.92,N24,5.4074,121.26
2024-06-17,136.28,18.98,N24,5.413,121.77
2024-06-14,136.73,19.43,N24,5.363,123.51
2024-06-13,136.41,19.59,N24,5.3974,125.33
2024-06-12,138.64,19.1,N24,5.3891,122.0
2024-06-11,136.55,18.79,N24,5.3524,119.21
2024-06-10,134.94,18.63,N24,5.3666,118.5
2024-06-07,135.01,19.0,N24,5.2802,118.91
2024-06-06,135.66,19.22,N24,5.2681,120.01
2024-06-05,134.31,19.13,N24,5.2841,119.81
2024-06-04,135.02,18.86,N24,5.2687,117.78
2024-06-03,135.32,18.78,N24,5.2373,116.58
2024-05-31,135.81,18.3,N24,5.2416,113.69
2024-05-29,135.59,18.35,N24,5.1972,113.04
2024-05-28,136.55,18.73,N24,5.1538,114.42
2024-05-24,138.85,18.41,N24,5.1508,112.4
2024-05-23,139.44,18.26,N24,5.1443,111.34
2024-05-22,137.2,18.23,N24,5.1502,111.28
2024-05-21,135.63,18.56,N24,5.1037,112.28
2024-05-20,136.02,18.68,N24,5.1085,113.11
2024-05-17,137.51,18.13,N24,5.1157,109.93
2024-05-16,137.84,18.33,N24,5.127,111.39
2024-05-15,139.63,18.65,N24,5.1423,113.67
2024-05-14,138.11,18.87,N24,5.1356,114.86
2024-05-13,139.6,18.63,N24,5.1412,113.53
2024-05-10,138.8,19.3,N24,5.1464,117.73
2024-05-09,139.38,19.58,N24,5.1577,119.7
2024-05-08,143.36,19.6,N24,5.0887,118.22
2024-05-07,142.02,19.95,N24,5.061,119.67
2024-05-06,142.7,19.48,N24,5.0727,117.12
2024-05-03,143.2,19.28,N24,5.0668,115.79
2024-05-02,143.98,19.25,N24,5.1184,116.78
2024-04-30,143.54,19.71,K24,5.1718,120.82
2024-04-29,144.98,20.2,K24,5.1155,122.48
2024-04-26,146.63,19.4,K24,5.1184,117.69
2024-04-25,147.16,19.48,K24,5.1679,119.32
2024-04-24,147.83,20.0,K24,5.1592,122.3
2024-04-23,148.44,19.91,K24,5.1626,121.83
2024-04-22,148.22,19.8,K24,5.2043,122.14
2024-04-19,150.29,19.73,K24,5.2269,122.23
2024-04-18,150.58,19.59,K24,5.2512,121.93
2024-04-17,149.77,19.32,K24,5.2469,120.15
2024-04-16,148.18,19.63,K24,5.2635,122.47
2024-04-15,146.29,20.02,K24,5.1746,122.79
2024-04-12,146.29,20.45,K24,5.1364,124.5
2024-04-11,146.85,20.85,K24,5.0765,125.46
2024-04-10,146.54,21.46,K24,5.0654,128.84
2024-04-09,147.34,21.49,K24,5.008,127.56
2024-04-08,146.95,21.59,K24,5.0421,129.03
2024-04-05,146.52,21.99,K24,5.052,131.68
2024-04-04,146.52,22.36,K24,5.0237,133.14
2024-04-03,146.71,22.22,K24,5.0724,133.59
2024-04-02,146.0,22.32,K24,5.0476,133.54
2024-04-01,145.57,22.72,K24,5.0532,136.08
2024-03-28,145.49,22.52,K24,4.9962,133.36
2024-03-27,145.16,22.19,K24,4.9856,131.13
2024-03-26,145.02,22.39,K24,4.987,132.35
2024-03-25,145.6,21.95,K24,4.9869,129.74
2024-03-22,145.25,21.85,K24,4.9897,129.23
2024-03-21,144.57,22.06,K24,4.9807,130.23
2024-03-20,144.94,21.77,K24,5.012,129.33
2024-03-19,144.01,21.64,K24,5.0352,129.15
2024-03-18,144.42,22.16,K24,5.0124,131.65
2024-03-15,144.19,22.12,K24,4.9937,130.93
2024-03-14,142.74,21.77,K24,4.9768,128.42
2024-03-13,142.54,21.93,K24,4.9803,129.45
2024-03-12,142.16,21.89,K24,4.9813,129.24
2024-03-11,142.8,21.95,K24,4.9777,129.5
2024-03-08,141.14,21.15,K24,4.9751,124.72
2024-03-07,141.73,21.28,K24,4.9364,124.51
2024-03-06,141.66,21.45,K24,4.9398,125.59
2024-03-05,142.21,20.87,K24,4.9488,122.42
2024-03-04,142.94,20.6,K24,4.9475,120.8
2024-03-01,143.12,21.09,K24,4.9596,123.98
2024-02-29,145.23,22.58,H24,4.9833,133.37
2024-02-28,146.54,24.01,H24,4.9557,141.03
2024-02-27,144.88,23.84,H24,4.9575,140.08
2024-02-26,144.79,23.15,H24,4.9819,136.7
2024-02-23,145.3,22.62,H24,4.9851,133.66
2024-02-22,145.25,22.83,H24,4.9419,133.73
2024-02-21,145.02,22.77,H24,4.9303,133.06
2024-02-20,147.01,22.75,H24,4.9408,133.23
2024-02-16,148.48,23.08,H24,4.9761,136.13
2024-02-15,148.59,22.82,H24,4.971,134.46
2024-02-14,145.61,23.37,H24,4.9723,137.73
2024-02-09,146.32,24.02,H24,4.9717,141.55
2024-02-08,147.67,23.98,H24,4.9804,141.56
2024-02-07,146.44,23.88,H24,4.9608,140.41
2024-02-06,144.17,23.56,H24,4.9687,138.75
2024-02-05,144.57,23.53,H24,5.0053,139.6
2024-02-02,145.08,23.89,H24,4.9471,140.08
2024-02-01,145.13,23.56,H24,4.935,137.81
2024-01-31,146.07,24.13,H24,4.9535,141.67
2024-01-30,144.45,23.91,H24,4.9638,140.67
2024-01-29,145.49,23.53,H24,4.9225,137.29
2024-01-26,144.08,23.77,H24,4.9125,138.41
2024-01-25,144.13,24.04,H24,4.9232,140.28
2024-01-24,144.16,24.46,H24,4.9192,142.62
2024-01-23,143.85,23.75,H24,4.9715,139.95
2024-01-22,145.06,23.5,H24,4.949,137.85
2024-01-19,145.66,23.57,H24,4.9223,137.51
2024-01-18,144.9,23.04,H24,4.9403,134.91
2024-01-17,143.77,22.35,H24,4.9346,130.72
2024-01-16,144.16,22.52,H24,4.9038,130.89
2024-01-12,146.11,21.61,H24,4.8543,124.34
2024-01-11,146.03,21.76,H24,4.8794,125.85
2024-01-10,146.26,21.41,H24,4.8901,124.1
2024-01-09,144.16,21.7,H24,4.8937,125.87
2024-01-08,142.48,21.74,H24,4.885,125.88
2024-01-05,142.79,21.11,H24,4.8899,122.35
2024-01-04,145.98,21.08,H24,4.9188,122.9
2024-01-03,147.44,20.85,H24,4.9212,121.62
2024-01-02,149.88,20.9,H24,4.8916,121.18
2023-12-28,149.88,21.76,H24,4.8413,124.87
2023-12-27,147.24,20.6,H24,4.8306,117.95
2023-12-26,151.83,20.53,H24,4.8368,117.7
2023-12-22,148.9,20.62,H24,4.8619,118.83
2023-12-21,147.16,20.24,H24,4.8755,116.96
2023-12-20,148.43,20.92,H24,4.8766,120.92
2023-12-19,153.95,21.43,H24,4.8663,123.61
2023-12-18,151.44,21.31,H24,4.9399,124.77
2023-12-15,151.88,21.99,H24,4.9397,128.75
2023-12-14,154.22,22.18,H24,4.8912,128.59
2023-12-13,154.11,21.97,H24,4.958,129.11
2023-12-12,154.0,22.59,H24,4.9476,132.47
2023-12-11,154.71,22.47,H24,4.944,131.67
2023-12-08,155.25,23.36,H24,4.9158,136.11
2023-12-07,155.41,23.03,H24,4.8949,133.62
2023-12-06,155.71,23.0,H24,4.9031,133.67
2023-12-05,155.86,24.96,H24,4.9522,146.51
2023-12-04,155.06,25.81,H24,4.9091,150.18
2023-12-01,154.88,25.09,H24,4.9191,146.29
2023-11-30,154.99,26.04,H24,4.9355,152.33
2023-11-29,155.2,26.86,H24,4.8933,155.79
2023-11-28,154.14,26.99,H24,4.8867,156.33
2023-11-27,153.81,27.2,H24,4.8951,157.82
2023-11-24,154.18,26.98,H24,4.8927,156.46
2023-11-23,155.98,27.22,H24,4.8931,157.87
2023-11-22,156.33,27.22,H24,4.8968,157.99
2023-11-21,157.53,27.75,H24,4.8806,160.53
2023-11-20,156.13,27.56,H24,4.8723,159.16
2023-11-17,156.13,27.18,H24,4.8849,157.37
2023-11-16,156.45,27.19,H24,4.8575,156.55
2023-11-14,155.95,27.18,H24,4.8682,156.83
2023-11-13,158.2,27.71,H24,4.9247,161.75
2023-11-10,158.42,27.29,H24,4.9219,159.21
2023-11-09,154.35,27.78,H24,4.9007,161.37
2023-11-08,155.6,27.21,H24,4.8855,157.56
2023-11-07,156.15,27.59,H24,4.867,159.16
2023-11-06,156.75,27.95,H24,4.8999,162.33
2023-11-03,158.75,27.77,H24,4.891,160.99
2023-11-01,158.75,27.51,H24,5.0194,163.67
2023-10-31,157.19,27.09,H24,5.0575,162.39
2023-10-30,158.21,26.75,H24,5.0074,158.77
2023-10-27,158.0,27.34,H24,4.948,160.34
2023-10-26,157.07,27.04,H24,5.0055,160.43
2023-10-25,157.3,27.63,H24,4.9981,163.68
2023-10-24,156.99,27.53,H24,5.0065,163.37
2023-10-23,157.19,27.48,H24,5.0164,163.39
2023-10-20,159.13,26.85,H24,5.0528,160.8
2023-10-19,156.72,27.29,H24,5.054,163.48
2023-10-18,156.47,27.48,H24,5.0568,164.71
2023-10-17,154.13,27.49,H24,5.0384,164.17
2023-10-16,154.34,27.05,H24,5.0618,162.29
2023-10-13,154.58,27.03,H24,5.0625,162.19
2023-10-11,155.81,26.4,H24,5.0496,158.01
2023-10-10,156.87,27.05,H24,5.0862,163.07
2023-10-09,156.92,27.18,H24,5.1666,166.45
2023-10-06,158.25,26.74,H24,5.1918,164.55
2023-10-05,159.32,26.16,H24,5.1713,160.35
2023-10-04,158.16,25.93,H24,5.1526,158.36
2023-10-03,156.8,25.67,H24,5.11,155.48
2023-10-02,155.4,26.35,H24,5.0679,158.28
2023-09-29,155.74,26.27,V23,5.0076,155.92
2023-09-28,155.51,26.73,V23,5.0475,159.92
2023-09-27,155.56,26.13,V23,5.0289,155.75
2023-09-26,155.2,26.02,V23,4.9717,153.33
2023-09-25,158.94,26.31,V23,4.9606,154.69
2023-09-22,154.44,26.97,V23,4.9131,157.06
2023-09-21,154.87,26.93,V23,4.9229,157.14
2023-09-20,156.05,26.79,V23,4.8487,153.96
2023-09-19,151.83,27.44,V23,4.8575,157.99
2023-09-18,151.51,27.11,V23,4.8535,155.96
2023-09-15,151.85,26.91,V23,4.8689,155.3
2023-09-14,149.27,26.98,V23,4.8751,155.9
2023-09-13,148.84,26.54,V23,4.9171,154.68
2023-09-12,145.89,26.83,V23,4.9505,157.43
2023-09-11,145.46,26.4,V23,4.9366,154.47
2023-09-08,146.51,26.31,V23,4.9835,155.41
2023-09-06,146.5,26.22,V23,4.9762,154.65
2023-09-05,146.85,26.65,V23,4.9705,157.01
2023-09-01,144.76,25.81,V23,4.9318,150.87
2023-08-31,141.94,25.06,V23,4.9219,146.2
2023-08-30,139.79,25.34,V23,4.8653,146.13
2023-08-29,140.69,25.45,V23,4.8706,146.92
2023-08-28,140.14,25.57,V23,4.8938,148.32
2023-08-25,135.42,24.83,V23,4.8772,143.54
2023-08-24,135.81,24.29,V23,4.8748,140.35
2023-08-23,135.7,23.85,V23,4.8977,138.45
2023-08-22,135.06,23.4,V23,4.9431,137.1
2023-08-21,135.51,23.4,V23,4.9847,138.25
2023-08-18,133.5,23.76,V23,4.9724,140.03
2023-08-17,133.5,24.0,V23,4.9816,141.71
2023-08-16,133.07,24.19,V23,4.9772,142.71
2023-08-15,132.59,23.77,V23,4.9812,140.34
2023-08-14,132.42,24.05,V23,4.9481,141.05
2023-08-11,132.72,24.33,V23,4.8918,141.07
2023-08-10,134.6,23.95,V23,4.8518,137.73
2023-08-09,133.44,23.71,V23,4.9015,137.75
2023-08-08,133.56,23.45,V23,4.9217,136.8
2023-08-07,134.67,23.74,V23,4.901,137.91
2023-08-04,135.52,23.69,V23,4.8609,136.49
2023-08-03,134.12,24.02,V23,4.8797,138.93
2023-08-02,133.75,24.2,V23,4.8083,137.92
2023-08-01,133.76,24.39,V23,4.7752,138.05
2023-07-31,134.16,24.11,V23,4.7415,135.5
2023-07-28,134.55,23.92,V23,4.7253,133.97
2023-07-27,133.23,24.43,V23,4.7202,136.68
2023-07-26,134.71,24.39,V23,4.7368,136.94
2023-07-25,134.83,24.69,V23,4.7496,138.99
2023-07-24,135.82,24.92,V23,4.7457,140.17
2023-07-21,134.34,25.01,V23,4.7732,141.5
2023-07-20,133.73,24.67,V23,4.7888,140.03
2023-07-19,135.17,24.21,V23,4.8,137.74
2023-07-18,134.72,23.86,V23,4.804,135.86
2023-07-17,135.89,23.8,V23,4.8302,136.26
2023-07-14,136.31,24.32,V23,4.7957,138.24
2023-07-13,138.08,24.01,V23,4.8038,136.71
2023-07-12,140.09,23.91,V23,4.8058,136.2
2023-07-11,140.01,23.53,V23,4.8949,136.52
2023-07-10,139.04,23.44,V23,4.8735,135.4
2023-07-07,141.5,23.53,V23,4.8799,136.1
2023-07-06,139.82,23.25,V23,4.8977,134.97
2023-07-05,141.57,23.53,V23,4.8577,135.48
2023-07-03,140.14,23.32,V23,4.7876,132.33
2023-06-30,139.89,22.89,N23,4.8192,130.75
2023-06-29,138.96,22.07,N23,4.8584,127.09
2023-06-28,140.95,22.57,N23,4.8563,129.91
2023-06-27,143.06,23.03,N23,4.7903,130.76
2023-06-26,143.45,23.72,N23,4.7698,134.1
2023-06-23,143.37,24.18,N23,4.7799,136.99
2023-06-22,143.66,24.93,N23,4.775,141.1
2023-06-21,143.45,25.88,N23,4.7795,146.61
2023-06-20,141.79,26.22,N23,4.793,148.96
2023-06-16,145.08,26.43,N23,4.8286,151.27
2023-06-15,145.15,26.0,N23,4.8222,148.61
2023-06-14,148.02,25.84,N23,4.8462,148.43
2023-06-13,145.81,25.16,N23,4.8533,144.73
2023-06-12,147.91,25.47,N23,4.8832,147.42
2023-06-09,146.08,25.38,N23,4.8922,147.17
2023-06-07,148.34,24.5,N23,4.9119,142.64
2023-06-06,147.83,24.58,N23,4.9292,143.61
2023-06-05,148.61,24.4,N23,4.9236,142.39
2023-06-02,149.66,24.73,N23,4.9558,145.26
2023-06-01,150.84,24.88,N23,5.035,148.48
2023-05-31,148.73,25.06,N23,5.0959,151.36
2023-05-30,149.55,25.33,N23,5.0593,151.9
2023-05-26,149.01,25.37,N23,5.0114,150.7
2023-05-25,148.48,24.83,N23,4.999,147.12
2023-05-24,149.23,25.49,N23,4.9474,149.47
2023-05-23,148.95,25.81,N23,4.9674,151.96
2023-05-22,149.76,25.99,N23,4.968,153.04
2023-05-19,149.56,25.78,N23,4.9858,152.35
2023-05-18,150.38,25.61,N23,4.9647,150.7
2023-05-17,149.02,25.91,N23,4.9513,152.06
2023-05-16,149.09,26.07,N23,4.9122,151.79
2023-05-15,147.62,26.29,N23,4.9103,153.01
2023-05-12,148.15,26.22,N23,4.9234,153.01
2023-05-11,148.33,26.02,N23,4.9696,153.27
2023-05-10,148.77,26.66,N23,4.9547,156.57
2023-05-09,149.08,26.19,N23,5.0007,155.23
2023-05-08,149.15,26.09,N23,4.9696,153.68
2023-05-05,150.34,26.32,N23,4.9696,155.03
2023-05-04,149.77,25.52,N23,5.0106,151.56
2023-05-03,146.51,25.17,N23,5.0227,149.84
2023-05-02,146.01,25.14,N23,5.0334,149.98
2023-04-28,147.22,26.99,K23,5.0007,159.98
2023-04-27,147.4,26.99,K23,5.015,160.43
2023-04-26,144.21,26.51,K23,5.0585,158.95
2023-04-25,143.02,26.65,K23,5.0613,159.87
2023-04-24,142.1,25.91,K23,5.0595,155.38
2023-04-20,142.05,25.25,K23,5.0497,151.13
2023-04-19,142.05,24.37,K23,5.0467,145.78
2023-04-18,142.0,24.54,K23,4.9678,144.5
2023-04-17,141.65,24.44,K23,4.9421,143.16
2023-04-14,139.2,24.1,K23,4.9455,141.27
2023-04-13,141.4,24.04,K23,4.9097,139.9
2023-04-12,141.53,24.05,K23,4.9496,141.09
2023-04-11,137.98,24.37,K23,5.0128,144.8
2023-04-10,138.34,23.56,K23,5.0834,141.95
2023-04-06,139.23,23.61,K23,5.0683,141.83
2023-04-05,135.75,22.95,K23,5.0447,137.23
2023-04-04,136.29,22.47,K23,5.0762,135.2
2023-04-03,137.1,22.4,K23,5.0637,134.44
2023-03-31,134.59,22.25,K23,5.0804,133.98
2023-03-30,132.57,21.96,K23,5.1254,133.41
2023-03-29,133.77,21.25,K23,5.1493,129.7
2023-03-28,132.1,21.31,K23,5.1733,130.67
2023-03-27,131.32,20.93,K23,5.2306,129.76
2023-03-24,131.64,20.82,K23,5.2921,130.6
2023-03-23,131.84,20.89,K23,5.2632,130.32
2023-03-22,132.55,21.14,K23,5.2648,131.92
2023-03-21,132.22,20.8,K23,5.2444,129.29
2023-03-20,132.47,20.48,K23,5.2467,127.36
2023-03-17,132.26,20.67,K23,5.2679,129.06
2023-03-16,132.68,20.76,K23,5.2892,130.15
2023-03-15,132.11,20.5,K23,5.2981,128.73
2023-03-14,130.03,20.68,K23,5.2362,128.35
2023-03-13,133.64,20.8,K23,5.24,129.19
2023-03-10,133.34,21.16,K23,5.1822,129.97
2023-03-09,131.47,21.15,K23,5.1353,128.74
2023-03-08,130.9,20.88,K23,5.1387,127.18
2023-03-07,131.49,21.02,K23,5.1901,129.31
2023-03-06,130.73,20.87,K23,5.197,128.56
2023-03-03,130.52,20.92,K23,5.2037,129.03
2023-03-02,130.4,20.31,K23,5.208,125.37
2023-03-01,131.31,20.57,K23,5.207,126.95
2023-02-28,133.49,22.08,H23,5.2078,136.29
2023-02-27,132.1,22.09,H23,5.196,136.05
2023-02-24,133.27,21.28,H23,5.1791,130.63
2023-02-23,132.0,21.58,H23,5.133,131.29
2023-02-22,131.88,21.29,H23,5.173,130.54
2023-02-17,131.95,21.41,H23,5.2012,131.99
2023-02-16,132.93,21.45,H23,5.2432,133.3
2023-02-15,134.35,21.38,H23,5.2243,132.39
2023-02-14,134.04,21.57,H23,5.1507,131.69
2023-02-13,133.11,21.2,H23,5.1834,130.25
2023-02-10,133.15,21.58,H23,5.2526,134.35
2023-02-09,132.12,21.45,H23,5.2315,133.01
2023-02-08,130.98,21.2,H23,5.2036,130.76
2023-02-07,129.93,20.84,H23,5.1695,127.69
2023-02-06,129.74,20.66,H23,5.1763,126.76
2023-02-03,129.36,21.24,H23,5.103,128.47
2023-02-02,131.56,21.66,H23,4.9901,128.11
2023-02-01,131.6,21.37,H23,5.0721,128.47
2023-01-31,131.86,21.76,H23,5.0993,131.52
2023-01-30,130.45,21.21,H23,5.0959,128.11
2023-01-27,132.37,20.96,H23,5.0767,126.12
2023-01-26,132.47,20.68,H23,5.0951,124.89
2023-01-25,132.26,20.11,H23,5.1042,121.66
2023-01-24,132.77,19.88,H23,5.1696,121.81
2023-01-23,133.62,19.7,H23,5.1922,121.24
2023-01-20,133.49,19.72,H23,5.1986,121.51
2023-01-19,134.73,19.68,H23,5.2144,121.63
2023-01-18,133.38,19.82,H23,5.0909,119.6
2023-01-17,134.85,20.14,H23,5.1203,122.23
2023-01-13,134.14,19.73,H23,5.1146,119.61
2023-01-12,134.94,19.59,H23,5.14,119.35
2023-01-11,135.22,19.65,H23,5.202,121.16
2023-01-10,132.58,19.64,H23,5.2395,121.97
2023-01-09,135.03,19.17,H23,5.2967,120.35
2023-01-06,134.66,18.96,H23,5.2855,118.78
2023-01-05,135.64,19.34,H23,5.4026,123.85
2023-01-04,135.13,19.54,H23,5.4459,126.13
2023-01-03,136.51,19.7,H23,5.3759,125.53
2022-12-29,136.69,20.29,H23,5.2177,125.48
2022-12-28,136.69,20.16,H23,5.2736,126.01
2022-12-27,136.69,20.32,H23,5.2832,127.25
2022-12-23,141.65,20.98,H23,5.1445,127.93
2022-12-22,141.65,20.89,H23,5.1871,128.44
2022-12-21,140.08,20.75,H23,5.2031,127.97
2022-12-20,139.04,20.58,H23,5.2427,127.89
2022-12-19,139.08,20.14,H23,5.316,126.9
2022-12-16,139.08,20.09,H23,5.2806,125.74
2022-12-15,139.35,19.98,H23,5.3183,125.95
2022-12-14,139.34,20.29,H23,5.3406,128.44
2022-12-13,139.17,19.76,H23,5.2669,123.36
2022-12-12,139.34,19.38,H23,5.3066,121.9
2022-12-09,140.53,19.6,H23,5.2396,121.72
2022-12-08,140.64,19.68,H23,5.2091,121.51
2022-12-07,139.03,19.48,H23,5.2208,120.54
2022-12-06,139.0,19.39,H23,5.2396,120.42
2022-12-05,138.77,19.55,H23,5.2464,121.57
2022-12-02,138.42,19.48,H23,5.1974,120.0
2022-12-01,136.66,19.62,H23,5.1948,120.81
2022-11-30,136.29,19.63,H23,5.2941,123.18
2022-11-29,135.58,19.53,H23,5.3076,122.86
2022-11-28,136.0,19.38,H23,5.3796,123.57
2022-11-25,135.54,19.33,H23,5.3508,122.59
2022-11-23,134.43,19.55,H23,5.393,124.97
2022-11-22,134.1,19.74,H23,5.3339,124.8
2022-11-21,131.82,19.86,H23,5.3259,125.37
2022-11-18,131.93,20.05,H23,5.3477,127.09
2022-11-17,131.71,19.73,H23,5.4655,127.81
2022-11-16,129.92,20.27,H23,5.3204,127.83
2022-11-14,130.01,19.83,H23,5.3013,124.6
2022-11-11,130.01,19.64,H23,5.3051,123.5
2022-11-10,129.5,19.41,H23,5.3064,122.08
2022-11-09,129.05,19.38,H23,5.1629,118.6
2022-11-08,129.12,19.0,H23,5.1744,116.53
2022-11-07,128.79,18.68,H23,5.0886,112.67
2022-11-04,129.13,18.71,H23,5.036,111.68
2022-11-03,128.83,18.47,H23,5.1349,112.41
2022-11-01,129.08,18.43,H23,5.15,112.5
2022-10-31,128.26,17.97,H23,5.257,111.97
2022-10-28,128.75,17.58,H23,5.3454,111.38
2022-10-27,128.66,17.71,H23,5.3003,111.26
2022-10-26,128.15,17.86,H23,5.3248,112.72
2022-10-25,128.6,18.11,H23,5.3091,113.96
2022-10-24,127.83,18.13,H23,5.2744,113.34
2022-10-21,128.46,18.38,H23,5.1919,113.11
2022-10-20,128.28,18.39,H23,5.2176,113.73
2022-10-19,127.69,18.65,H23,5.2808,116.73
2022-10-18,127.11,18.67,H23,5.2697,116.61
2022-10-17,127.22,18.77,H23,5.2713,117.27
2022-10-14,126.19,18.84,H23,5.2824,117.96
2022-10-13,126.4,18.81,H23,5.3017,118.2
2022-10-11,125.65,18.74,H23,5.2068,115.65
2022-10-10,125.68,18.61,H23,5.1941,114.57
2022-10-07,125.56,18.68,H23,5.2221,115.62
2022-10-06,125.68,18.46,H23,5.2009,113.8
2022-10-05,125.44,17.95,H23,5.2144,110.94
2022-10-04,125.42,17.91,H23,5.1411,109.14
2022-10-03,124.73,17.42,H23,5.2002,107.37
2022-09-30,124.41,18.42,V22,5.4066,118.04
2022-09-29,124.31,18.44,V22,5.3916,117.84
2022-09-28,125.45,18.29,V22,5.3594,116.19
2022-09-27,124.86,18.19,V22,5.3508,115.36
2022-09-26,124.62,18.35,V22,5.3548,116.47
2022-09-23,124.43,18.28,V22,5.2257,113.22
2022-09-22,124.38,18.49,V22,5.1677,113.25
2022-09-21,124.9,18.22,V22,5.1692,111.63
2022-09-20,124.73,18.19,V22,5.1705,111.48
2022-09-19,124.55,17.69,V22,5.2367,109.8
2022-09-16,123.9,17.88,V22,5.2882,112.07
2022-09-15,124.25,18.18,V22,5.2211,112.51
2022-09-14,124.05,18.27,V22,5.1774,112.12
2022-09-13,123.94,18.38,V22,5.1794,112.84
2022-09-12,123.81,18.35,V22,5.1183,111.32
2022-09-09,125.13,18.22,V22,5.1633,111.51
2022-09-08,124.94,17.93,V22,5.2155,110.84
2022-09-06,124.95,17.98,V22,5.2228,111.3
2022-09-02,122.73,18.15,V22,5.1878,111.6
2022-09-01,123.99,17.99,V22,5.2007,110.9
2022-08-31,125.07,17.89,V22,5.179,109.82
2022-08-30,126.22,18.1,V22,5.0617,108.59
2022-08-29,128.2,18.44,V22,5.0428,110.22
2022-08-26,127.73,18.47,V22,5.0903,111.44
2022-08-25,128.08,17.9,V22,5.1173,108.57
2022-08-24,128.15,18.04,V22,5.105,109.16
2022-08-23,129.1,17.89,V22,5.103,108.21
2022-08-22,128.95,17.94,V22,5.1709,109.95
2022-08-19,127.74,18.09,V22,5.1961,111.41
2022-08-18,128.24,17.77,V22,5.1773,109.05
2022-08-17,129.99,18.24,V22,5.1784,111.95
2022-08-16,129.47,18.27,V22,5.134,111.18
2022-08-15,129.14,18.54,V22,5.0925,111.91
2022-08-12,129.94,18.6,V22,5.1023,112.49
2022-08-11,129.94,18.49,V22,5.1127,112.05
2022-08-10,129.77,18.28,V22,5.0497,109.41
2022-08-09,129.96,17.98,V22,5.1224,109.17
2022-08-08,129.55,17.96,V22,5.1247,109.09
2022-08-05,129.61,17.94,V22,5.2165,110.92
2022-08-04,129.48,17.55,V22,5.2409,109.02
2022-08-03,128.84,17.77,V22,5.2846,111.31
2022-08-02,129.33,17.69,V22,5.2329,109.72
2022-08-01,131.5,17.6,V22,5.1606,107.65
2022-07-29,131.46,17.54,V22,5.1884,107.87
2022-07-28,131.7,17.72,V22,5.2149,109.53
2022-07-27,130.49,17.4,V22,5.3074,109.46
2022-07-26,130.16,17.47,V22,5.3608,111.01
2022-07-25,130.08,17.47,V22,5.4144,112.12
2022-07-22,131.11,17.89,V22,5.4522,115.61
2022-07-21,131.45,18.35,V22,5.475,119.08
2022-07-20,131.99,18.67,V22,5.4288,120.13
2022-07-19,131.12,18.84,V22,5.3904,120.37
2022-07-18,131.0,19.41,V22,5.3675,123.49
2022-07-15,127.72,19.25,V22,5.4014,123.24
2022-07-14,127.51,18.97,V22,5.4568,122.69
2022-07-13,127.11,19.14,V22,5.3992,122.49
2022-07-12,126.28,18.69,V22,5.412,119.89
2022-07-11,126.6,18.86,V22,5.3477,119.54
2022-07-08,125.98,19.02,V22,5.3086,119.68
2022-07-07,126.78,18.52,V22,5.364,117.75
2022-07-06,126.45,17.99,V22,5.4321,115.83
2022-07-05,126.65,17.8,V22,5.3899,113.72
2022-07-01,126.83,18.07,V22,5.3142,113.82
2022-06-30,127.06,18.83,N22,5.238,116.91
2022-06-29,127.94,18.55,N22,5.2268,114.92
2022-06-28,128.02,18.53,N22,5.2179,114.6
2022-06-27,127.33,18.3,N22,5.2214,113.26
2022-06-24,127.14,18.37,N22,5.2334,113.95
2022-06-23,126.75,18.38,N22,5.1833,112.92
2022-06-22,126.17,18.45,N22,5.1509,112.64
2022-06-21,127.02,18.66,N22,5.1462,113.82
2022-06-17,126.69,18.6,N22,5.1313,113.13
2022-06-15,127.1,18.46,N22,5.1119,111.85
2022-06-14,126.71,18.7,N22,5.1203,113.49
2022-06-13,127.32,18.71,N22,5.1033,113.17
2022-06-10,127.19,18.87,N22,4.9836,111.46
2022-06-09,128.79,19.29,N22,4.8951,111.92
2022-06-08,129.39,18.98,N22,4.8711,109.58
2022-06-07,129.28,18.97,N22,4.8909,109.97
2022-06-06,129.96,19.56,N22,4.7839,110.91
2022-06-03,129.84,19.29,N22,4.7956,109.65
2022-06-02,128.55,19.35,N22,4.7879,109.81
2022-06-01,130.64,19.44,N22,4.7765,110.06
2022-05-31,130.92,19.4,N22,4.7289,108.74
2022-05-27,130.02,19.61,N22,4.7434,110.25
2022-05-26,130.79,19.54,N22,4.7967,111.09
2022-05-25,131.88,19.68,N22,4.8359,112.8
2022-05-24,131.8,19.75,N22,4.8106,112.61
2022-05-23,131.97,19.77,N22,4.7973,112.42
2022-05-20,130.58,19.95,N22,4.8777,115.34
2022-05-19,129.32,19.77,N22,4.9198,115.29
2022-05-18,129.86,19.83,N22,4.9592,116.56
2022-05-17,130.51,20.0,N22,4.9676,117.76
2022-05-16,131.0,19.68,N22,5.0666,118.19
2022-05-13,131.96,19.17,N22,5.1075,116.05
2022-05-12,131.21,18.64,N22,5.1482,113.74
2022-05-11,132.78,18.55,N22,5.1244,112.67
2022-05-10,132.83,18.54,N22,5.139,112.93
2022-05-09,133.32,18.66,N22,5.134,113.55
2022-05-06,134.38,19.16,N22,5.075,115.25
2022-05-05,133.43,18.78,N22,5.0051,111.41
2022-05-04,134.21,18.62,N22,5.0093,110.55
2022-05-03,132.69,18.62,N22,5.0167,110.72
2022-05-02,135.11,18.85,N22,5.0266,112.31
2022-04-29,135.43,19.35,K22,4.9191,112.82
2022-04-28,135.46,19.42,K22,5.011,115.34
2022-04-27,136.94,19.02,K22,5.0167,113.1
2022-04-26,137.12,18.99,K22,4.9666,111.79
2022-04-25,139.48,18.95,K22,4.8818,109.65
2022-04-22,139.57,19.24,K22,4.7326,107.93
2022-04-20,139.57,19.62,K22,4.6397,107.9
2022-04-19,140.99,19.74,K22,4.6664,109.18
2022-04-18,142.48,20.26,K22,4.6746,112.25
2022-04-14,141.49,20.06,K22,4.7158,112.13
2022-04-13,141.49,20.1,K22,4.6811,111.52
2022-04-12,142.26,20.22,K22,4.6483,111.4
2022-04-11,143.44,20.31,K22,4.7025,113.2
2022-04-08,141.76,20.41,K22,4.7513,114.94
2022-04-07,142.47,19.84,K22,4.7422,111.52
2022-04-06,142.41,19.59,K22,4.6967,109.06
2022-04-05,143.23,19.65,K22,4.64,108.07
2022-04-04,143.65,19.61,K22,4.6175,107.33
2022-04-01,143.65,19.37,K22,4.6984,107.87
2022-03-31,142.86,19.49,K22,4.7378,109.45
2022-03-30,140.82,19.47,K22,4.7497,109.61
2022-03-29,140.58,19.11,K22,4.7486,107.56
2022-03-28,140.0,19.59,K22,4.7905,111.23
2022-03-25,140.0,19.61,K22,4.7782,111.06
2022-03-24,139.37,19.26,K22,4.8067,109.73
2022-03-23,139.29,19.24,K22,4.8704,111.07
2022-03-22,139.36,19.15,K22,4.9208,111.69
2022-03-21,139.33,19.28,K22,4.9666,113.5
2022-03-18,136.62,18.93,K22,5.0411,113.11
2022-03-17,138.24,18.69,K22,5.0764,112.46
2022-03-16,137.67,18.56,K22,5.1287,112.83
2022-03-15,136.51,18.73,K22,5.1314,113.92
2022-03-14,135.89,19.13,K22,5.0647,114.84
2022-03-11,136.69,19.24,K22,5.0255,114.61
2022-03-10,136.98,19.1,K22,5.0513,114.36
2022-03-09,136.52,18.94,K22,5.0094,112.46
2022-03-08,134.37,19.43,K22,5.0903,117.23
2022-03-07,134.79,19.27,K22,5.0579,115.52
2022-03-04,135.3,19.35,K22,5.0758,116.41
2022-03-03,132.99,18.93,K22,5.0479,113.26
2022-03-02,132.99,18.64,K22,5.1347,113.44
2022-02-25,132.42,17.99,H22,5.1394,109.59
2022-02-24,136.21,18.32,H22,5.1174,111.12
2022-02-23,139.34,18.53,H22,5.0143,110.13
2022-02-22,142.39,18.48,H22,5.0611,110.86
2022-02-18,145.64,18.2,H22,5.1339,110.75
2022-02-17,148.23,18.28,H22,5.1565,111.73
2022-02-16,145.49,18.07,H22,5.163,110.58
2022-02-15,149.08,18.07,H22,5.1881,111.12
2022-02-14,148.52,18.12,H22,5.2106,111.91
2022-02-11,148.61,18.26,H22,5.1987,112.52
2022-02-10,145.07,18.3,H22,5.2101,113.01
2022-02-09,147.33,18.48,H22,5.2735,115.51
2022-02-08,145.49,18.08,H22,5.2699,112.93
2022-02-07,146.67,18.05,H22,5.2913,113.2
2022-02-04,146.33,18.23,H22,5.3284,115.13
2022-02-03,144.81,17.99,H22,5.3025,113.07
2022-02-02,146.53,17.93,H22,5.2956,112.54
2022-02-01,147.87,18.48,H22,5.281,115.67
2022-01-31,147.04,18.22,H22,5.3574,115.7
2022-01-28,149.02,18.2,H22,5.3954,116.39
2022-01-27,150.5,18.41,H22,5.3812,117.42
2022-01-26,150.15,18.49,H22,5.4324,119.06
2022-01-25,148.34,18.78,H22,5.4971,122.36
2022-01-24,151.66,18.81,H22,5.491,122.42
2022-01-21,151.58,18.9,H22,5.4401,121.87
2022-01-20,152.05,18.93,H22,5.4166,121.53
2022-01-19,151.46,19.07,H22,5.4978,124.27
2022-01-18,150.84,18.66,H22,5.5213,122.12
2022-01-14,153.13,18.31,H22,5.5349,120.12
2022-01-13,152.96,18.09,H22,5.5246,118.46
2022-01-12,152.28,18.34,H22,5.5611,120.89
2022-01-11,152.38,18.11,H22,5.6351,120.96
2022-01-10,151.34,17.83,H22,5.6736,119.9
2022-01-07,152.93,18.05,H22,5.6753,121.42
2022-01-06,153.12,18.19,H22,5.7042,122.98
2022-01-05,153.24,18.34,H22,5.6628,123.1
2022-01-04,151.02,18.75,H22,5.6776,126.18
2022-01-03,154.82,18.74,H22,5.6309,125.07
2021-12-30,154.83,18.78,H22,5.5805,124.22
2021-12-29,154.83,19.1,H22,5.6619,128.18
2021-12-28,155.37,18.96,H22,5.6438,126.83
2021-12-27,156.26,19.21,H22,5.665,128.99
2021-12-23,156.26,19.24,H22,5.691,129.78
2021-12-22,155.23,19.26,H22,5.7201,130.58
2021-12-21,154.97,18.74,H22,5.7372,127.44
2021-12-20,153.03,18.59,H22,5.7055,125.72
2021-12-17,154.46,19.11,H22,5.6959,129.02
2021-12-16,157.43,19.4,H22,5.6963,130.98
2021-12-15,154.46,19.29,H22,5.7127,130.62
2021-12-14,153.33,19.65,H22,5.6461,131.5
2021-12-13,155.07,19.64,H22,5.6357,131.19
2021-12-10,155.35,19.71,H22,5.5931,130.67
2021-12-09,153.36,19.69,H22,5.5564,129.68
2021-12-08,155.51,19.82,H22,5.5779,131.04
2021-12-07,155.57,19.48,H22,5.6411,130.25
2021-12-06,155.13,19.16,H22,5.6877,129.17
2021-12-03,155.25,18.75,H22,5.6432,125.41
2021-12-02,155.81,18.62,H22,5.6345,124.35
2021-12-01,154.79,18.6,H22,5.6168,123.83
2021-11-30,154.26,18.6,H22,5.6199,123.9
2021-11-29,153.56,19.19,H22,5.6118,127.64
2021-11-26,154.05,19.35,H22,5.5865,128.13
2021-11-24,153.47,19.93,H22,5.6027,132.35
2021-11-23,153.48,20.11,H22,5.6456,134.57
2021-11-22,154.44,19.76,H22,5.5841,130.79
2021-11-19,155.43,19.99,H22,5.5584,131.7
2021-11-18,155.2,20.18,H22,5.547,132.68
2021-11-17,154.57,20.42,H22,5.4993,133.1
2021-11-16,154.52,19.99,H22,5.4772,129.78
2021-11-12,155.73,20.01,H22,5.4199,128.55
2021-11-11,152.93,20.12,H22,5.4171,129.19
2021-11-10,151.96,19.6,H22,5.459,126.82
2021-11-09,152.1,19.9,H22,5.4957,129.63
2021-11-08,153.43,19.92,H22,5.5627,131.34
2021-11-05,153.85,19.94,H22,5.5455,131.06
2021-11-04,151.9,19.63,H22,5.5942,130.16
2021-11-03,151.62,19.38,H22,5.6672,130.18
2021-11-01,153.04,19.37,H22,5.6694,130.16
2021-10-29,152.88,19.27,H22,5.643,128.89
2021-10-28,151.87,19.62,H22,5.6124,130.52
2021-10-27,149.31,19.7,H22,5.5667,129.98
2021-10-26,148.7,19.66,H22,5.58,130.03
2021-10-25,149.44,19.39,H22,5.5973,128.64
2021-10-22,148.76,19.08,H22,5.7117,129.17
2021-10-21,148.18,18.94,H22,5.6423,126.67
2021-10-20,147.5,18.97,H22,5.5571,124.95
2021-10-19,146.62,18.87,H22,5.5521,124.18
2021-10-18,149.41,19.35,H22,5.5193,126.59
2021-10-15,150.24,19.8,H22,5.451,127.93
2021-10-14,149.85,19.59,H22,5.4988,127.68
2021-10-13,147.69,19.86,H22,5.5471,130.58
2021-10-11,144.67,20.33,H22,5.5161,132.92
2021-10-08,144.81,20.29,H22,5.5084,132.47
2021-10-07,143.72,19.84,H22,5.514,129.67
2021-10-06,143.38,19.77,H22,5.5097,129.11
2021-10-05,142.86,19.85,H22,5.4611,128.49
2021-10-04,142.34,19.69,H22,5.4204,126.5
2021-10-01,143.09,20.06,H22,5.3911,128.18
2021-09-30,142.5,19.83,V21,5.4394,127.85
2021-09-29,144.47,18.94,V21,5.4173,121.61
2021-09-28,144.44,18.98,V21,5.4206,121.95
2021-09-27,143.72,18.73,V21,5.3478,118.72
2021-09-24,141.71,19.1,V21,5.3435,120.97
2021-09-23,145.46,19.49,V21,5.2891,122.18
2021-09-22,143.81,19.33,V21,5.2783,120.93
2021-09-21,143.54,18.97,V21,5.3044,119.27
2021-09-20,144.34,18.86,V21,5.3332,119.22
2021-09-17,140.51,19.18,V21,5.3103,120.72
2021-09-16,142.63,19.49,V21,5.2594,121.5
2021-09-15,141.34,19.52,V21,5.2576,121.64
2021-09-14,142.61,18.96,V21,5.226,117.44
2021-09-13,142.17,18.98,V21,5.219,117.41
2021-09-10,140.09,18.79,V21,5.2158,116.16
2021-09-09,140.65,19.24,V21,5.2825,120.47
2021-09-08,139.97,19.49,V21,5.2524,121.34
2021-09-03,138.01,19.62,V21,5.1685,120.19
2021-09-02,137.83,19.9,V21,5.1735,122.03
2021-09-01,137.03,19.67,V21,5.1576,120.25
2021-08-31,137.36,19.84,V21,5.1433,120.95
2021-08-30,136.34,20.22,V21,5.1952,124.51
2021-08-27,137.18,20.04,V21,5.22,123.99
2021-08-26,136.31,19.68,V21,5.2429,122.3
2021-08-25,135.69,19.73,V21,5.2465,122.69
2021-08-24,135.21,19.58,V21,5.3017,123.04
2021-08-23,134.43,19.58,V21,5.3686,124.59
2021-08-20,133.41,19.58,V21,5.4274,125.96
2021-08-19,133.91,19.79,V21,5.418,127.09
2021-08-18,130.95,20.17,V21,5.3025,126.77
2021-08-17,129.77,20.02,V21,5.2585,124.78
2021-08-16,129.38,20.03,V21,5.2495,124.63
2021-08-13,125.52,19.95,V21,5.2474,124.08
2021-08-12,125.55,19.54,V21,5.2351,121.25
2021-08-11,122.59,19.47,V21,5.2013,120.03
2021-08-10,121.72,19.59,V21,5.2217,121.25
2021-08-09,119.58,18.47,V21,5.2774,115.53
2021-08-06,120.57,18.68,V21,5.241,116.04
2021-08-05,120.49,18.62,V21,5.1464,113.58
2021-08-04,120.79,17.93,V21,5.2091,110.7
2021-08-03,119.78,17.98,V21,5.2464,111.81
2021-08-02,118.84,17.95,V21,5.1379,109.31
2021-07-30,117.48,17.91,V21,5.1216,108.72
2021-07-29,117.99,18.3,V21,5.0682,109.93
2021-07-28,117.58,18.61,V21,5.1527,113.66
2021-07-27,117.1,18.35,V21,5.1669,112.38
2021-07-26,117.61,18.42,V21,5.1863,113.23
2021-07-23,116.96,18.17,V21,5.1701,111.35
2021-07-22,117.42,17.62,V21,5.1978,108.55
2021-07-21,116.79,17.67,V21,5.2516,109.99
2021-07-20,116.55,17.41,V21,5.2465,108.27
2021-07-19,116.89,17.07,V21,5.1978,105.17
2021-07-16,115.51,17.71,V21,5.0941,106.93
2021-07-15,114.71,17.33,V21,5.1,104.76
2021-07-14,115.55,16.93,V21,5.088,102.1
2021-07-13,115.42,17.08,V21,5.177,104.81
2021-07-12,116.44,16.99,V21,5.2239,105.2
2021-07-08,115.38,17.45,V21,5.2587,108.77
2021-07-07,115.61,17.75,V21,5.2328,110.09
2021-07-06,115.93,17.87,V21,5.1645,109.39
2021-07-02,115.81,18.15,V21,5.0293,108.19
2021-07-01,114.82,17.94,V21,5.0055,106.44
2021-06-30,113.57,17.63,N21,5.0022,104.53
2021-06-29,114.98,17.23,N21,4.945,100.99
2021-06-28,117.89,17.23,N21,4.942,100.93
2021-06-25,117.22,16.9,N21,4.9206,98.57
2021-06-24,117.07,16.93,N21,4.9277,98.88
2021-06-23,115.88,16.69,N21,4.9519,97.96
2021-06-22,115.99,16.43,N21,5.0178,97.72
2021-06-21,114.23,16.78,N21,5.0373,100.19
2021-06-18,115.37,16.43,N21,5.0314,97.98
2021-06-17,117.76,16.55,N21,5.0359,98.79
2021-06-16,117.57,17.04,N21,5.0207,101.4
2021-06-15,117.26,17.05,N21,5.0874,102.81
2021-06-14,116.89,17.29,N21,5.0707,103.92
2021-06-11,115.6,17.54,N21,5.119,106.42
2021-06-10,117.23,17.66,N21,5.0635,105.99
2021-06-09,116.93,17.73,N21,5.0533,106.2
2021-06-08,116.22,17.71,N21,5.0489,105.98
2021-06-07,116.56,17.38,N21,5.0498,104.03
2021-06-04,116.77,17.71,N21,5.0666,106.35
2021-06-02,116.34,17.68,N21,5.1147,107.18
2021-06-01,116.23,17.69,N21,5.1636,108.27
2021-05-28,115.99,17.36,N21,5.2281,107.58
2021-05-27,115.41,17.12,N21,5.284,107.22
2021-05-26,115.88,16.78,N21,5.3164,105.74
2021-05-25,116.4,17.04,N21,5.3143,107.33
2021-05-24,116.41,16.83,N21,5.3198,106.12
