data,esp_long,esp_short,esp_net,com_long,com_short,com_net,idx_long,idx_short,idx_net,open_interest,produto,fonte
2021-06-22,272686,87774,184912,306823,706900,-400077,288371,73206,215165,1065849,SUGAR NO. 11,CFTC COT Supplemental — Futures & Options Combined (4zgm-a668)
2021-06-29,271458,81039,190419,285426,692990,-407564,290553,73408,217145,1045294,SUGAR NO. 11,CFTC COT Supplemental — Futures & Options Combined (4zgm-a668)
2021-07-06,293218,70343,222875,289664,735383,-445719,295598,72753,222845,1093942,SUGAR NO. 11,CFTC COT Supplemental — Futures & Options Combined (4zgm-a668)
2021-07-13,274916,81362,193554,302119,712178,-410059,288274,71769,216505,1077341,SUGAR NO. 11,CFTC COT Supplemental — Futures & Options Combined (4zgm-a668)
2021-07-20,276231,78313,197918,303719,711923,-408204,284314,74028,210286,1075686,SUGAR NO. 11,CFTC COT Supplemental — Futures & Options Combined (4zgm-a668)
2021-07-27,305470,79768,225702,308360,751206,-442846,294358,77213,217145,1139810,SUGAR NO. 11,CFTC COT Supplemental — Futures & Options Combined (4zgm-a668)
2021-08-03,304033,77077,226956,320468,763739,-443271,300434,84120,216314,1161551,SUGAR NO. 11,CFTC COT Supplemental — Futures & Options Combined (4zgm-a668)
2021-08-10,325965,76719,249246,328224,789870,-461646,298273,85874,212399,1212493,SUGAR NO. 11,CFTC COT Supplemental — Futures & Options Combined (4zgm-a668)
2021-08-17,334674,78057,256617,359838,817719,-457881,294451,93188,201263,1254203,SUGAR NO. 11,CFTC COT Supplemental — Futures & Options Combined (4zgm-a668)
2021-08-24,335332,84537,250795,375070,821337,-446267,295904,100433,195471,1279609,SUGAR NO. 11,CFTC COT Supplemental — Futures & Options Combined (4zgm-a668)
2021-08-31,328358,89603,238755,389112,822675,-433563,296470,101663,194807,1290057,SUGAR NO. 11,CFTC COT Supplemental — Futures & Options Combined (4zgm-a668)
2021-09-07,319685,88081,231604,397575,812525,-414950,279913,96567,183346,1278236,SUGAR NO. 11,CFTC COT Supplemental — Futures & Options Combined (4zgm-a668)
2021-09-14,304638,95179,209459,387898,777396,-389498,282235,102197,180038,1239038,SUGAR NO. 11,CFTC COT Supplemental — Futures & Options Combined (4zgm-a668)
2021-09-21,291007,86581,204426,333231,732371,-399140,267648,72933,194715,1101439,SUGAR NO. 11,CFTC COT Supplemental — Futures & Options Combined (4zgm-a668)
2021-09-28,290292,83751,206541,285915,684717,-398802,265521,73259,192262,1049261,SUGAR NO. 11,CFTC COT Supplemental — Futures & Options Combined (4zgm-a668)
2021-10-05,294509,85450,209059,277998,675932,-397934,265915,77041,188874,1051640,SUGAR NO. 11,CFTC COT Supplemental — Futures & Options Combined (4zgm-a668)
2021-10-12,298432,89005,209427,283551,680977,-397426,266858,78859,187999,1064647,SUGAR NO. 11,CFTC COT Supplemental — Futures & Options Combined (4zgm-a668)
2021-10-19,272279,113968,158311,281031,626685,-345654,264242,76900,187342,1024918,SUGAR NO. 11,CFTC COT Supplemental — Futures & Options Combined (4zgm-a668)
2021-10-26,263558,104422,159136,301970,648139,-346169,265863,78830,187033,1051847,SUGAR NO. 11,CFTC COT Supplemental — Futures & Options Combined (4zgm-a668)
2021-11-02,267413,104880,162533,304224,653428,-349204,264227,77556,186671,1059937,SUGAR NO. 11,CFTC COT Supplemental — Futures & Options Combined (4zgm-a668)
2021-11-09,276540,102705,173835,301300,666089,-364789,266782,75829,190953,1076071,SUGAR NO. 11,CFTC COT Supplemental — Futures & Options Combined (4zgm-a668)
2021-11-16,287221,97627,189594,293404,674770,-381366,268232,76461,191771,1074429,SUGAR NO. 11,CFTC COT Supplemental — Futures & Options Combined (4zgm-a668)
2021-11-23,301840,95016,206824,303184,704723,-401539,271538,76823,194715,1099101,SUGAR NO. 11,CFTC COT Supplemental — Futures & Options Combined (4zgm-a668)
2021-11-30,253016,112224,140792,317101,650384,-333283,264033,71543,192490,1049970,SUGAR NO. 11,CFTC COT Supplemental — Futures & Options Combined (4zgm-a668)
2021-12-07,236458,106275,130183,329879,644350,-314471,256466,72178,184288,1033296,SUGAR NO. 11,CFTC COT Supplemental — Futures & Options Combined (4zgm-a668)
2021-12-14,253786,89086,164700,322533,669647,-347114,262773,80361,182412,1049772,SUGAR NO. 11,CFTC COT Supplemental — Futures & Options Combined (4zgm-a668)
2021-12-21,227037,103127,123910,324346,633011,-308665,261586,76831,184755,1016420,SUGAR NO. 11,CFTC COT Supplemental — Futures & Options Combined (4zgm-a668)
2021-12-28,228031,100953,127078,325208,638993,-313785,259505,72797,186708,1018450,SUGAR NO. 11,CFTC COT Supplemental — Futures & Options Combined (4zgm-a668)
2022-01-04,218603,109370,109233,333625,629688,-296063,262278,75448,186830,1023556,SUGAR NO. 11,CFTC COT Supplemental — Futures & Options Combined (4zgm-a668)
2022-01-11,200621,149763,50858,363710,593846,-230136,259306,80028,179278,1044324,SUGAR NO. 11,CFTC COT Supplemental — Futures & Options Combined (4zgm-a668)
2022-01-18,197330,135622,61708,366032,600235,-234203,256263,83767,172496,1035833,SUGAR NO. 11,CFTC COT Supplemental — Futures & Options Combined (4zgm-a668)
2022-01-25,196408,113347,83061,354959,614135,-259176,259179,83063,176116,1023309,SUGAR NO. 11,CFTC COT Supplemental — Futures & Options Combined (4zgm-a668)
2022-02-01,197303,134891,62412,383865,616059,-232194,248120,78337,169783,1050724,SUGAR NO. 11,CFTC COT Supplemental — Futures & Options Combined (4zgm-a668)
2022-02-08,202179,157310,44869,407531,624240,-216709,252715,80875,171840,1083479,SUGAR NO. 11,CFTC COT Supplemental — Futures & Options Combined (4zgm-a668)
2022-02-15,202663,158996,43667,330790,567657,-236867,264331,71131,193200,972840,SUGAR NO. 11,CFTC COT Supplemental — Futures & Options Combined (4zgm-a668)
2022-02-22,205158,154870,50288,319846,563664,-243818,265464,71934,193530,962025,SUGAR NO. 11,CFTC COT Supplemental — Futures & Options Combined (4zgm-a668)
2022-03-01,202283,145291,56992,289622,542672,-253050,268890,72831,196059,939038,SUGAR NO. 11,CFTC COT Supplemental — Futures & Options Combined (4zgm-a668)
2022-03-08,248390,109078,139312,289685,631824,-342139,265090,62262,202828,996004,SUGAR NO. 11,CFTC COT Supplemental — Futures & Options Combined (4zgm-a668)
2022-03-15,197180,109022,88158,287804,614946,-327142,297517,58533,238984,951537,SUGAR NO. 11,CFTC COT Supplemental — Futures & Options Combined (4zgm-a668)
2022-03-22,200031,105130,94901,289472,620968,-331496,297053,60459,236594,958304,SUGAR NO. 11,CFTC COT Supplemental — Futures & Options Combined (4zgm-a668)
2022-03-29,207457,109901,97556,283404,618269,-334865,295901,58593,237308,961567,SUGAR NO. 11,CFTC COT Supplemental — Futures & Options Combined (4zgm-a668)
2022-04-05,240185,107932,132253,280318,655805,-375487,304862,61627,243235,1016384,SUGAR NO. 11,CFTC COT Supplemental — Futures & Options Combined (4zgm-a668)
2022-04-12,288792,101322,187470,288023,727283,-439260,319596,67807,251789,1098860,SUGAR NO. 11,CFTC COT Supplemental — Futures & Options Combined (4zgm-a668)
2022-04-19,277160,102152,175008,268988,701078,-432090,317274,60191,257083,1039651,SUGAR NO. 11,CFTC COT Supplemental — Futures & Options Combined (4zgm-a668)
2022-04-26,240290,101153,139137,243665,636951,-393286,315647,61499,254148,974124,SUGAR NO. 11,CFTC COT Supplemental — Futures & Options Combined (4zgm-a668)
2022-05-03,221497,110924,110573,238076,601131,-363055,314336,61853,252483,952414,SUGAR NO. 11,CFTC COT Supplemental — Futures & Options Combined (4zgm-a668)
2022-05-10,207287,115051,92236,246229,583148,-336919,301405,56723,244682,936084,SUGAR NO. 11,CFTC COT Supplemental — Futures & Options Combined (4zgm-a668)
2022-05-17,229187,100000,129187,265207,636857,-371650,300932,58468,242464,991720,SUGAR NO. 11,CFTC COT Supplemental — Futures & Options Combined (4zgm-a668)
2022-05-24,229368,94810,134558,266522,645070,-378548,303763,59774,243989,1009888,SUGAR NO. 11,CFTC COT Supplemental — Futures & Options Combined (4zgm-a668)
2022-05-31,225166,103543,121623,269441,633546,-364105,299694,57212,242482,1004674,SUGAR NO. 11,CFTC COT Supplemental — Futures & Options Combined (4zgm-a668)
2022-06-07,217596,104880,112716,278017,630147,-352130,293246,53833,239413,1001730,SUGAR NO. 11,CFTC COT Supplemental — Futures & Options Combined (4zgm-a668)
2022-06-14,188069,116908,71161,280814,592614,-311800,295073,54436,240637,964793,SUGAR NO. 11,CFTC COT Supplemental — Futures & Options Combined (4zgm-a668)
2022-06-21,175744,116169,59575,270724,573623,-302899,291001,47677,243324,906822,SUGAR NO. 11,CFTC COT Supplemental — Futures & Options Combined (4zgm-a668)
2022-06-28,160092,147137,12955,257175,502401,-245226,277985,45714,232271,869216,SUGAR NO. 11,CFTC COT Supplemental — Futures & Options Combined (4zgm-a668)
2022-07-05,138588,175324,-36736,269527,455985,-186458,266058,42865,223193,856939,SUGAR NO. 11,CFTC COT Supplemental — Futures & Options Combined (4zgm-a668)
2022-07-12,149411,139568,9843,267912,482919,-215007,248744,43580,205164,846263,SUGAR NO. 11,CFTC COT Supplemental — Futures & Options Combined (4zgm-a668)
2022-07-19,159636,119547,40089,267308,508565,-241257,243842,42674,201168,840193,SUGAR NO. 11,CFTC COT Supplemental — Futures & Options Combined (4zgm-a668)
2022-07-26,138053,179161,-41108,305409,458681,-153272,240400,46020,194380,886650,SUGAR NO. 11,CFTC COT Supplemental — Futures & Options Combined (4zgm-a668)
2022-08-02,135468,201110,-65642,333222,453463,-120241,241911,56029,185882,928763,SUGAR NO. 11,CFTC COT Supplemental — Futures & Options Combined (4zgm-a668)
2022-08-09,132616,198427,-65811,346121,464340,-118219,241046,57016,184030,934721,SUGAR NO. 11,CFTC COT Supplemental — Futures & Options Combined (4zgm-a668)
2022-08-16,141155,166896,-25741,316012,474300,-158288,241270,57241,184029,886337,SUGAR NO. 11,CFTC COT Supplemental — Futures & Options Combined (4zgm-a668)
2022-08-23,142574,170809,-28235,324364,479953,-155589,240838,57014,183824,900697,SUGAR NO. 11,CFTC COT Supplemental — Futures & Options Combined (4zgm-a668)
2022-08-30,145158,156755,-11597,314198,487741,-173543,245135,59995,185140,901085,SUGAR NO. 11,CFTC COT Supplemental — Futures & Options Combined (4zgm-a668)
2022-09-06,143934,169359,-25425,324143,481203,-157060,240207,57723,182484,913375,SUGAR NO. 11,CFTC COT Supplemental — Futures & Options Combined (4zgm-a668)
2022-09-13,154925,160605,-5680,318051,491929,-173878,245441,65883,179558,902761,SUGAR NO. 11,CFTC COT Supplemental — Futures & Options Combined (4zgm-a668)
2022-09-20,143075,183905,-40830,319186,474039,-154853,248448,52765,195683,867633,SUGAR NO. 11,CFTC COT Supplemental — Futures & Options Combined (4zgm-a668)
2022-09-27,154980,175941,-20961,290178,458881,-168703,243410,53746,189664,837868,SUGAR NO. 11,CFTC COT Supplemental — Futures & Options Combined (4zgm-a668)
2022-10-04,154626,165038,-10412,270017,440686,-170669,237260,56178,181082,817174,SUGAR NO. 11,CFTC COT Supplemental — Futures & Options Combined (4zgm-a668)
2022-10-11,177820,131397,46423,257369,498200,-240831,241067,46659,194408,835059,SUGAR NO. 11,CFTC COT Supplemental — Futures & Options Combined (4zgm-a668)
2022-10-18,200494,123278,77216,250114,523328,-273214,244633,48634,195999,846976,SUGAR NO. 11,CFTC COT Supplemental — Futures & Options Combined (4zgm-a668)
2022-10-25,185253,129701,55552,272024,520675,-248651,241957,48859,193098,856140,SUGAR NO. 11,CFTC COT Supplemental — Futures & Options Combined (4zgm-a668)
2022-11-01,169518,150788,18730,305050,504050,-199000,236359,56090,180269,884550,SUGAR NO. 11,CFTC COT Supplemental — Futures & Options Combined (4zgm-a668)
2022-11-08,185368,141183,44185,306631,547875,-241244,250754,53695,197059,920099,SUGAR NO. 11,CFTC COT Supplemental — Futures & Options Combined (4zgm-a668)
2022-11-15,260601,128973,131628,295537,629026,-333489,261363,59501,201862,1008911,SUGAR NO. 11,CFTC COT Supplemental — Futures & Options Combined (4zgm-a668)
2022-11-22,294782,126243,168539,289854,663873,-374019,266491,61013,205478,1047015,SUGAR NO. 11,CFTC COT Supplemental — Futures & Options Combined (4zgm-a668)
2022-11-29,280401,122554,157847,291288,655502,-364214,267961,61593,206368,1045123,SUGAR NO. 11,CFTC COT Supplemental — Futures & Options Combined (4zgm-a668)
2022-12-06,279641,118578,161063,295482,657039,-361557,265179,64686,200493,1047883,SUGAR NO. 11,CFTC COT Supplemental — Futures & Options Combined (4zgm-a668)
2022-12-13,285479,123279,162200,305353,666782,-361429,265523,66295,199228,1071353,SUGAR NO. 11,CFTC COT Supplemental — Futures & Options Combined (4zgm-a668)
2022-12-20,329205,117365,211840,281802,685091,-403289,264346,72896,191450,1078177,SUGAR NO. 11,CFTC COT Supplemental — Futures & Options Combined (4zgm-a668)
2022-12-27,343335,119744,223591,282541,699651,-417110,263821,70301,193520,1100767,SUGAR NO. 11,CFTC COT Supplemental — Futures & Options Combined (4zgm-a668)
2023-01-03,319453,117143,202310,286585,682582,-395997,263994,70307,193687,1089101,SUGAR NO. 11,CFTC COT Supplemental — Futures & Options Combined (4zgm-a668)
2023-01-10,270978,111382,159596,316444,658223,-341779,251491,69309,182182,1054988,SUGAR NO. 11,CFTC COT Supplemental — Futures & Options Combined (4zgm-a668)
2023-01-17,275836,110550,165286,307265,648243,-340978,244285,68593,175692,1042339,SUGAR NO. 11,CFTC COT Supplemental — Futures & Options Combined (4zgm-a668)
2023-01-24,269921,110795,159126,325577,658319,-332742,243579,69962,173617,1065027,SUGAR NO. 11,CFTC COT Supplemental — Futures & Options Combined (4zgm-a668)
2023-01-31,341643,124897,216746,333781,728939,-395158,258077,79665,178412,1203234,SUGAR NO. 11,CFTC COT Supplemental — Futures & Options Combined (4zgm-a668)
2023-02-07,322130,117374,204756,346255,739339,-393084,262048,73721,188327,1191350,SUGAR NO. 11,CFTC COT Supplemental — Futures & Options Combined (4zgm-a668)
2023-02-14,325039,122900,202139,342629,730286,-387657,268761,83244,185517,1187635,SUGAR NO. 11,CFTC COT Supplemental — Futures & Options Combined (4zgm-a668)
2023-02-21,320596,122771,197825,279545,667355,-387810,264395,74410,189985,1073444,SUGAR NO. 11,CFTC COT Supplemental — Futures & Options Combined (4zgm-a668)
2023-02-28,309977,126929,183048,269064,644232,-375168,268595,76475,192120,1069826,SUGAR NO. 11,CFTC COT Supplemental — Futures & Options Combined (4zgm-a668)
2023-03-07,326133,125606,200527,273341,669037,-395696,269663,74493,195170,1133679,SUGAR NO. 11,CFTC COT Supplemental — Futures & Options Combined (4zgm-a668)
2023-03-14,313895,132193,181702,283545,656346,-372801,268588,77489,191099,1128553,SUGAR NO. 11,CFTC COT Supplemental — Futures & Options Combined (4zgm-a668)
2023-03-21,305514,131105,174409,284394,643891,-359497,264744,79656,185088,1107831,SUGAR NO. 11,CFTC COT Supplemental — Futures & Options Combined (4zgm-a668)
2023-03-28,318714,128514,190200,299094,674142,-375048,261727,76879,184848,1151440,SUGAR NO. 11,CFTC COT Supplemental — Futures & Options Combined (4zgm-a668)
2023-04-04,327506,119241,208265,362550,723125,-360575,256285,103976,152309,1255950,SUGAR NO. 11,CFTC COT Supplemental — Futures & Options Combined (4zgm-a668)
2023-04-11,330742,118799,211943,386784,748133,-361349,249862,100455,149407,1290899,SUGAR NO. 11,CFTC COT Supplemental — Futures & Options Combined (4zgm-a668)
2023-04-18,324032,109509,214523,349601,721960,-372359,259145,101309,157836,1187244,SUGAR NO. 11,CFTC COT Supplemental — Futures & Options Combined (4zgm-a668)
2023-04-25,328270,110363,217907,360633,739174,-378541,261467,100832,160635,1235305,SUGAR NO. 11,CFTC COT Supplemental — Futures & Options Combined (4zgm-a668)
2023-05-02,314793,105917,208876,362401,713518,-351117,243131,100890,142241,1226026,SUGAR NO. 11,CFTC COT Supplemental — Futures & Options Combined (4zgm-a668)
2023-05-09,319691,101401,218290,377964,734957,-356993,238535,99831,138704,1266634,SUGAR NO. 11,CFTC COT Supplemental — Futures & Options Combined (4zgm-a668)
2023-05-16,313474,97772,215702,378250,738289,-360039,240192,95856,144336,1258695,SUGAR NO. 11,CFTC COT Supplemental — Futures & Options Combined (4zgm-a668)
2023-05-23,323912,105930,217982,387227,749108,-361881,241110,97211,143899,1284085,SUGAR NO. 11,CFTC COT Supplemental — Futures & Options Combined (4zgm-a668)
2023-05-30,305056,115770,189286,386778,714655,-327877,243770,105179,138591,1261387,SUGAR NO. 11,CFTC COT Supplemental — Futures & Options Combined (4zgm-a668)
2023-06-06,295398,116746,178652,429391,740207,-310816,237177,105014,132163,1305774,SUGAR NO. 11,CFTC COT Supplemental — Futures & Options Combined (4zgm-a668)
2023-06-13,300861,107462,193399,431945,759780,-327835,227136,92700,134436,1289492,SUGAR NO. 11,CFTC COT Supplemental — Futures & Options Combined (4zgm-a668)
2023-06-20,317160,109043,208117,367112,730425,-363313,227065,71869,155196,1174330,SUGAR NO. 11,CFTC COT Supplemental — Futures & Options Combined (4zgm-a668)
2023-06-27,256570,115044,141526,354374,656898,-302524,231295,70297,160998,1091655,SUGAR NO. 11,CFTC COT Supplemental — Futures & Options Combined (4zgm-a668)
2023-07-03,231262,111174,120088,345995,631681,-285686,235271,69672,165599,1081007,SUGAR NO. 11,CFTC COT Supplemental — Futures & Options Combined (4zgm-a668)
2023-07-11,229815,115207,114608,355031,638355,-283324,235453,66738,168715,1096076,SUGAR NO. 11,CFTC COT Supplemental — Futures & Options Combined (4zgm-a668)
2023-07-18,237223,118079,119144,347418,638766,-291348,237998,65794,172204,1091472,SUGAR NO. 11,CFTC COT Supplemental — Futures & Options Combined (4zgm-a668)
2023-07-25,261299,117000,144299,359056,681156,-322100,244915,67114,177801,1138920,SUGAR NO. 11,CFTC COT Supplemental — Futures & Options Combined (4zgm-a668)
2023-08-01,252933,119401,133532,369233,688211,-318978,250578,65131,185447,1149702,SUGAR NO. 11,CFTC COT Supplemental — Futures & Options Combined (4zgm-a668)
2023-08-08,229065,117439,111626,379960,677507,-297547,251175,65256,185919,1140328,SUGAR NO. 11,CFTC COT Supplemental — Futures & Options Combined (4zgm-a668)
2023-08-15,233471,119253,114218,388231,684231,-296000,249951,68170,181781,1149070,SUGAR NO. 11,CFTC COT Supplemental — Futures & Options Combined (4zgm-a668)
2023-08-22,222218,116911,105307,412207,695041,-282834,248492,70965,177527,1164731,SUGAR NO. 11,CFTC COT Supplemental — Futures & Options Combined (4zgm-a668)
2023-08-29,264204,109584,154620,397415,722943,-325528,247655,76748,170907,1201103,SUGAR NO. 11,CFTC COT Supplemental — Futures & Options Combined (4zgm-a668)
2023-09-05,301722,114028,187694,401293,758678,-357385,249299,79609,169690,1251132,SUGAR NO. 11,CFTC COT Supplemental — Futures & Options Combined (4zgm-a668)
2023-09-12,309003,116738,192265,430531,793244,-362713,252565,82117,170448,1287476,SUGAR NO. 11,CFTC COT Supplemental — Futures & Options Combined (4zgm-a668)
2023-09-19,318636,119966,198670,371373,757752,-386379,246418,58709,187709,1176429,SUGAR NO. 11,CFTC COT Supplemental — Futures & Options Combined (4zgm-a668)
2023-09-26,304136,117107,187029,332521,707525,-375004,246746,58771,187975,1114272,SUGAR NO. 11,CFTC COT Supplemental — Futures & Options Combined (4zgm-a668)
2023-10-03,284239,119275,164964,272882,617864,-344982,239938,59920,180018,1031047,SUGAR NO. 11,CFTC COT Supplemental — Futures & Options Combined (4zgm-a668)
2023-10-10,294134,118544,175590,281402,635300,-353898,241498,63191,178307,1060182,SUGAR NO. 11,CFTC COT Supplemental — Futures & Options Combined (4zgm-a668)
2023-10-17,304135,116952,187183,289646,652620,-362974,239926,64136,175790,1086989,SUGAR NO. 11,CFTC COT Supplemental — Futures & Options Combined (4zgm-a668)
2023-10-24,302113,123981,178132,298756,653669,-354913,242373,65590,176783,1106342,SUGAR NO. 11,CFTC COT Supplemental — Futures & Options Combined (4zgm-a668)
2023-10-31,280541,120125,160416,307411,646350,-338939,247554,69030,178524,1112667,SUGAR NO. 11,CFTC COT Supplemental — Futures & Options Combined (4zgm-a668)
2023-11-07,307352,118650,188702,303174,664516,-361342,243258,70618,172640,1137008,SUGAR NO. 11,CFTC COT Supplemental — Futures & Options Combined (4zgm-a668)
2023-11-14,296637,106051,190586,314718,658014,-343296,226692,73982,152710,1114866,SUGAR NO. 11,CFTC COT Supplemental — Futures & Options Combined (4zgm-a668)
2023-11-21,295052,107363,187689,328533,667315,-338782,227427,76334,151093,1133077,SUGAR NO. 11,CFTC COT Supplemental — Futures & Options Combined (4zgm-a668)
2023-11-28,278197,111931,166266,340944,657316,-316372,227589,77483,150106,1129500,SUGAR NO. 11,CFTC COT Supplemental — Futures & Options Combined (4zgm-a668)
2023-12-05,221875,119098,102777,385521,637447,-251926,226338,77189,149149,1110702,SUGAR NO. 11,CFTC COT Supplemental — Futures & Options Combined (4zgm-a668)
2023-12-12,168602,118415,50187,397461,583178,-185717,206595,71065,135530,1066781,SUGAR NO. 11,CFTC COT Supplemental — Futures & Options Combined (4zgm-a668)
2023-12-19,158291,125805,32486,395512,564968,-169456,211159,74189,136970,1043522,SUGAR NO. 11,CFTC COT Supplemental — Futures & Options Combined (4zgm-a668)
2023-12-26,155336,135425,19911,420309,577382,-157073,215453,78292,137161,1082449,SUGAR NO. 11,CFTC COT Supplemental — Futures & Options Combined (4zgm-a668)
2024-01-02,156049,138706,17343,448243,599846,-151603,218931,84671,134260,1116902,SUGAR NO. 11,CFTC COT Supplemental — Futures & Options Combined (4zgm-a668)
2024-01-09,149360,143931,5429,434894,576530,-141636,221597,85389,136208,1106520,SUGAR NO. 11,CFTC COT Supplemental — Futures & Options Combined (4zgm-a668)
2024-01-16,149441,136994,12447,431132,575575,-144443,217314,85318,131996,1080547,SUGAR NO. 11,CFTC COT Supplemental — Futures & Options Combined (4zgm-a668)
2024-01-23,151105,127936,23169,438368,591212,-152844,219460,89784,129676,1101422,SUGAR NO. 11,CFTC COT Supplemental — Futures & Options Combined (4zgm-a668)
2024-01-30,158505,135156,23349,445000,603421,-158421,225591,90519,135072,1133085,SUGAR NO. 11,CFTC COT Supplemental — Futures & Options Combined (4zgm-a668)
2024-02-06,164930,137400,27530,454146,618209,-164063,224701,88169,136532,1158219,SUGAR NO. 11,CFTC COT Supplemental — Futures & Options Combined (4zgm-a668)
2024-02-13,163216,129684,33532,447935,623123,-175188,234363,92707,141656,1154590,SUGAR NO. 11,CFTC COT Supplemental — Futures & Options Combined (4zgm-a668)
2024-02-20,157405,146574,10831,380476,563935,-183459,232666,60038,172628,1007162,SUGAR NO. 11,CFTC COT Supplemental — Futures & Options Combined (4zgm-a668)
2024-02-27,160308,129666,30642,350767,546094,-195327,234155,69468,164687,991472,SUGAR NO. 11,CFTC COT Supplemental — Futures & Options Combined (4zgm-a668)
2024-03-05,150113,150025,88,358302,519460,-161158,235241,74171,161070,1018600,SUGAR NO. 11,CFTC COT Supplemental — Futures & Options Combined (4zgm-a668)
2024-03-12,159541,141203,18338,364397,524222,-159825,214807,73319,141488,997591,SUGAR NO. 11,CFTC COT Supplemental — Futures & Options Combined (4zgm-a668)
2024-03-19,152263,137567,14696,376157,541798,-165641,219543,68597,150946,1006177,SUGAR NO. 11,CFTC COT Supplemental — Futures & Options Combined (4zgm-a668)
2024-03-26,171455,129190,42265,367275,553762,-186487,220605,76383,144222,1010825,SUGAR NO. 11,CFTC COT Supplemental — Futures & Options Combined (4zgm-a668)
2024-04-02,182771,128069,54702,361500,567267,-205767,226931,75867,151064,1016901,SUGAR NO. 11,CFTC COT Supplemental — Futures & Options Combined (4zgm-a668)
2024-04-09,178198,145160,33038,373737,557974,-184237,223796,72596,151200,1006558,SUGAR NO. 11,CFTC COT Supplemental — Futures & Options Combined (4zgm-a668)
2024-04-16,164637,187713,-23076,366980,508754,-141774,233701,68851,164850,958466,SUGAR NO. 11,CFTC COT Supplemental — Futures & Options Combined (4zgm-a668)
2024-04-23,160621,195071,-34450,371837,500860,-129023,238335,74862,163473,975913,SUGAR NO. 11,CFTC COT Supplemental — Futures & Options Combined (4zgm-a668)
2024-04-30,152275,200682,-48407,379583,497888,-118305,246238,79528,166710,983132,SUGAR NO. 11,CFTC COT Supplemental — Futures & Options Combined (4zgm-a668)
2024-05-07,156220,203905,-47685,357860,473966,-116106,244866,81075,163791,977882,SUGAR NO. 11,CFTC COT Supplemental — Futures & Options Combined (4zgm-a668)
2024-05-14,146866,219407,-72541,369242,466780,-97538,246233,76155,170078,991735,SUGAR NO. 11,CFTC COT Supplemental — Futures & Options Combined (4zgm-a668)
2024-05-21,147118,231918,-84800,394083,476992,-82909,249476,81767,167709,1016817,SUGAR NO. 11,CFTC COT Supplemental — Futures & Options Combined (4zgm-a668)
2024-05-28,153030,234509,-81479,391342,475759,-84417,250010,84114,165896,1035917,SUGAR NO. 11,CFTC COT Supplemental — Futures & Options Combined (4zgm-a668)
2024-06-04,154783,236508,-81725,393895,474300,-80405,245641,83511,162130,1047600,SUGAR NO. 11,CFTC COT Supplemental — Futures & Options Combined (4zgm-a668)
2024-06-11,156780,228431,-71651,399528,485164,-85636,226453,69167,157286,1027963,SUGAR NO. 11,CFTC COT Supplemental — Futures & Options Combined (4zgm-a668)
2024-06-18,152595,206651,-54056,376052,491961,-115909,232391,62426,169965,951473,SUGAR NO. 11,CFTC COT Supplemental — Futures & Options Combined (4zgm-a668)
2024-06-25,153252,182414,-29162,365832,511767,-145935,234601,59505,175096,944816,SUGAR NO. 11,CFTC COT Supplemental — Futures & Options Combined (4zgm-a668)
2024-07-02,159579,150673,8906,339862,517452,-177590,225366,56682,168684,928716,SUGAR NO. 11,CFTC COT Supplemental — Futures & Options Combined (4zgm-a668)
2024-07-09,152706,146167,6539,347159,523785,-176626,220761,50674,170087,920207,SUGAR NO. 11,CFTC COT Supplemental — Futures & Options Combined (4zgm-a668)
2024-07-16,149340,147959,1381,354165,524932,-170767,218232,48847,169385,905953,SUGAR NO. 11,CFTC COT Supplemental — Futures & Options Combined (4zgm-a668)
2024-07-23,138195,183705,-45510,371587,490361,-118774,219966,55682,164284,928685,SUGAR NO. 11,CFTC COT Supplemental — Futures & Options Combined (4zgm-a668)
2024-07-30,145741,186219,-40478,376386,496199,-119813,217742,57450,160292,939030,SUGAR NO. 11,CFTC COT Supplemental — Futures & Options Combined (4zgm-a668)
2024-08-06,145378,208140,-62762,388212,485154,-96942,215842,56137,159705,955730,SUGAR NO. 11,CFTC COT Supplemental — Futures & Options Combined (4zgm-a668)
2024-08-13,148027,193801,-45774,380248,490416,-110168,215389,59447,155942,963137,SUGAR NO. 11,CFTC COT Supplemental — Futures & Options Combined (4zgm-a668)
2024-08-20,144056,215015,-70959,394660,482066,-87406,215918,57553,158365,974043,SUGAR NO. 11,CFTC COT Supplemental — Futures & Options Combined (4zgm-a668)
2024-08-27,147023,178143,-31120,401632,533783,-132151,224392,61121,163271,1002177,SUGAR NO. 11,CFTC COT Supplemental — Futures & Options Combined (4zgm-a668)
2024-09-03,150185,158919,-8734,402948,564534,-161586,224481,54161,170320,1005338,SUGAR NO. 11,CFTC COT Supplemental — Futures & Options Combined (4zgm-a668)
2024-09-10,142483,162225,-19742,407426,556393,-148967,211564,42855,168709,991178,SUGAR NO. 11,CFTC COT Supplemental — Futures & Options Combined (4zgm-a668)
2024-09-17,150008,147437,2571,341749,520774,-179025,210483,34029,176454,885845,SUGAR NO. 11,CFTC COT Supplemental — Futures & Options Combined (4zgm-a668)
2024-09-24,182413,125975,56438,368673,621152,-252479,224768,28727,196041,991992,SUGAR NO. 11,CFTC COT Supplemental — Futures & Options Combined (4zgm-a668)
2024-10-01,207462,135466,71996,324904,592918,-268014,222690,26673,196017,985088,SUGAR NO. 11,CFTC COT Supplemental — Futures & Options Combined (4zgm-a668)
2024-10-08,209401,159504,49897,325284,576175,-250891,225183,24191,200992,991433,SUGAR NO. 11,CFTC COT Supplemental — Futures & Options Combined (4zgm-a668)
2024-10-15,217536,161091,56445,318130,576864,-258734,228793,26504,202289,993519,SUGAR NO. 11,CFTC COT Supplemental — Futures & Options Combined (4zgm-a668)
2024-10-22,202644,171341,31303,330357,570912,-240555,233902,24650,209252,984815,SUGAR NO. 11,CFTC COT Supplemental — Futures & Options Combined (4zgm-a668)
2024-10-29,200720,180794,19926,350681,581817,-231136,236494,25285,211209,1010508,SUGAR NO. 11,CFTC COT Supplemental — Futures & Options Combined (4zgm-a668)
2024-11-05,201552,182343,19209,360291,585340,-225049,231994,26153,205841,1021437,SUGAR NO. 11,CFTC COT Supplemental — Futures & Options Combined (4zgm-a668)
2024-11-12,182759,190014,-7255,354696,558895,-204199,242058,30604,211454,1008257,SUGAR NO. 11,CFTC COT Supplemental — Futures & Options Combined (4zgm-a668)
2024-11-19,189145,189417,-272,369104,581090,-211986,248306,36049,212257,1032397,SUGAR NO. 11,CFTC COT Supplemental — Futures & Options Combined (4zgm-a668)
2024-11-26,185168,189759,-4591,367057,577666,-210609,251562,36362,215200,1027600,SUGAR NO. 11,CFTC COT Supplemental — Futures & Options Combined (4zgm-a668)
2024-12-03,186727,186789,-62,370132,588780,-218648,254784,36075,218709,1041607,SUGAR NO. 11,CFTC COT Supplemental — Futures & Options Combined (4zgm-a668)
2024-12-10,189447,187152,2295,381633,609320,-227687,266348,40958,225390,1078053,SUGAR NO. 11,CFTC COT Supplemental — Futures & Options Combined (4zgm-a668)
2024-12-17,167576,202312,-34736,391500,596484,-204984,282222,42503,239719,1072224,SUGAR NO. 11,CFTC COT Supplemental — Futures & Options Combined (4zgm-a668)
2024-12-24,167330,212515,-45185,404204,588525,-184321,278706,49201,229505,1092684,SUGAR NO. 11,CFTC COT Supplemental — Futures & Options Combined (4zgm-a668)
2024-12-31,165065,225501,-60436,407650,574475,-166825,281622,54361,227261,1105628,SUGAR NO. 11,CFTC COT Supplemental — Futures & Options Combined (4zgm-a668)
2025-01-07,165242,224282,-59040,389348,558227,-168879,286043,58124,227919,1096373,SUGAR NO. 11,CFTC COT Supplemental — Futures & Options Combined (4zgm-a668)
2025-01-14,156098,262143,-106045,430557,551777,-121220,291329,64064,227265,1147144,SUGAR NO. 11,CFTC COT Supplemental — Futures & Options Combined (4zgm-a668)
2025-01-21,159613,299486,-139873,437047,487389,-50342,292295,102079,190216,1151601,SUGAR NO. 11,CFTC COT Supplemental — Futures & Options Combined (4zgm-a668)
2025-01-28,161258,290180,-128922,426665,495481,-68816,307748,110010,197738,1166425,SUGAR NO. 11,CFTC COT Supplemental — Futures & Options Combined (4zgm-a668)
2025-02-04,167177,294269,-127092,427340,497023,-69683,303952,107176,196776,1176447,SUGAR NO. 11,CFTC COT Supplemental — Futures & Options Combined (4zgm-a668)
2025-02-11,172451,293289,-120838,419694,503273,-83579,309072,104655,204417,1182381,SUGAR NO. 11,CFTC COT Supplemental — Futures & Options Combined (4zgm-a668)
2025-02-18,168455,271333,-102878,391768,507039,-115271,305845,87696,218149,1097488,SUGAR NO. 11,CFTC COT Supplemental — Futures & Options Combined (4zgm-a668)
2025-02-25,169633,222904,-53271,353367,527706,-174339,309481,81870,227611,1089227,SUGAR NO. 11,CFTC COT Supplemental — Futures & Options Combined (4zgm-a668)
2025-03-04,137183,216236,-79053,334570,469375,-134805,290367,76509,213858,1018326,SUGAR NO. 11,CFTC COT Supplemental — Futures & Options Combined (4zgm-a668)
2025-03-11,140183,220033,-79850,345639,467457,-121818,274108,72440,201668,1005822,SUGAR NO. 11,CFTC COT Supplemental — Futures & Options Combined (4zgm-a668)
2025-03-18,169014,210971,-41957,340013,502350,-162337,267900,63608,204292,1036250,SUGAR NO. 11,CFTC COT Supplemental — Futures & Options Combined (4zgm-a668)
2025-03-25,186359,215590,-29231,334712,516146,-181434,271842,61177,210665,1030802,SUGAR NO. 11,CFTC COT Supplemental — Futures & Options Combined (4zgm-a668)
2025-04-01,188717,214349,-25632,331679,514777,-183098,263271,54541,208730,1027031,SUGAR NO. 11,CFTC COT Supplemental — Futures & Options Combined (4zgm-a668)
2025-04-08,172265,211462,-39197,365842,525299,-159457,240770,42116,198654,1002227,SUGAR NO. 11,CFTC COT Supplemental — Futures & Options Combined (4zgm-a668)
2025-04-15,168149,213819,-45670,386680,525152,-138472,223609,39467,184142,962590,SUGAR NO. 11,CFTC COT Supplemental — Futures & Options Combined (4zgm-a668)
2025-04-22,161989,206752,-44763,377739,512146,-134407,223060,43890,179170,942943,SUGAR NO. 11,CFTC COT Supplemental — Futures & Options Combined (4zgm-a668)
2025-04-29,160192,206688,-46496,360858,496308,-135450,228713,46766,181947,936348,SUGAR NO. 11,CFTC COT Supplemental — Futures & Options Combined (4zgm-a668)
2025-05-06,166137,221598,-55461,342977,461936,-118959,227230,52810,174420,928094,SUGAR NO. 11,CFTC COT Supplemental — Futures & Options Combined (4zgm-a668)
2025-05-13,175345,220961,-45616,326620,460759,-134139,230042,50289,179753,925866,SUGAR NO. 11,CFTC COT Supplemental — Futures & Options Combined (4zgm-a668)
2025-05-20,169896,226527,-56631,335131,459457,-124326,233883,52927,180956,933514,SUGAR NO. 11,CFTC COT Supplemental — Futures & Options Combined (4zgm-a668)
2025-05-27,177264,238740,-61476,343648,455928,-112280,232958,59201,173757,957057,SUGAR NO. 11,CFTC COT Supplemental — Futures & Options Combined (4zgm-a668)
2025-06-03,180719,261517,-80798,359086,450230,-91144,239772,67829,171943,1016713,SUGAR NO. 11,CFTC COT Supplemental — Futures & Options Combined (4zgm-a668)
2025-06-10,194957,286313,-91356,381437,457345,-75908,245918,78653,167265,1057205,SUGAR NO. 11,CFTC COT Supplemental — Futures & Options Combined (4zgm-a668)
2025-06-17,184872,290031,-105159,366799,448432,-81633,247537,60745,186792,987411,SUGAR NO. 11,CFTC COT Supplemental — Futures & Options Combined (4zgm-a668)
2025-06-24,185643,298630,-112987,353824,429594,-75770,246683,57925,188758,976867,SUGAR NO. 11,CFTC COT Supplemental — Futures & Options Combined (4zgm-a668)
2025-07-01,174086,307063,-132977,346991,399609,-52618,246534,60940,185594,975567,SUGAR NO. 11,CFTC COT Supplemental — Futures & Options Combined (4zgm-a668)
2025-07-08,175192,307440,-132248,348050,398137,-50087,245341,63006,182335,985518,SUGAR NO. 11,CFTC COT Supplemental — Futures & Options Combined (4zgm-a668)
2025-07-15,181146,303048,-121902,350312,410887,-60575,243980,61504,182476,993882,SUGAR NO. 11,CFTC COT Supplemental — Futures & Options Combined (4zgm-a668)
2025-07-22,176410,304535,-128125,363079,417785,-54706,246014,63183,182831,999710,SUGAR NO. 11,CFTC COT Supplemental — Futures & Options Combined (4zgm-a668)
2025-07-29,178745,303826,-125081,361428,423290,-61862,249945,63002,186943,1009667,SUGAR NO. 11,CFTC COT Supplemental — Futures & Options Combined (4zgm-a668)
2025-08-05,170655,321659,-151004,380230,411688,-31458,251462,69001,182461,1030852,SUGAR NO. 11,CFTC COT Supplemental — Futures & Options Combined (4zgm-a668)
2025-08-12,190768,306125,-115357,371777,434710,-62933,248478,70187,178291,1040513,SUGAR NO. 11,CFTC COT Supplemental — Futures & Options Combined (4zgm-a668)
2025-08-19,179365,310352,-130987,383927,436551,-52624,250212,66601,183611,1038222,SUGAR NO. 11,CFTC COT Supplemental — Futures & Options Combined (4zgm-a668)
2025-08-26,181174,313673,-132499,391778,443486,-51708,252627,68420,184207,1054063,SUGAR NO. 11,CFTC COT Supplemental — Futures & Options Combined (4zgm-a668)
2025-09-02,170706,320465,-149759,407743,444978,-37235,255253,68259,186994,1082736,SUGAR NO. 11,CFTC COT Supplemental — Futures & Options Combined (4zgm-a668)
2025-09-09,164690,347298,-182608,438693,429086,9607,250660,77659,173001,1107568,SUGAR NO. 11,CFTC COT Supplemental — Futures & Options Combined (4zgm-a668)
2025-09-16,165809,316860,-151051,400330,431166,-30836,250277,68390,181887,1021095,SUGAR NO. 11,CFTC COT Supplemental — Futures & Options Combined (4zgm-a668)
2025-09-23,157380,327254,-169874,425572,424037,1535,234348,66010,168338,1012265,SUGAR NO. 11,CFTC COT Supplemental — Futures & Options Combined (4zgm-a668)
2025-09-30,163368,302360,-138992,390054,414279,-24225,234508,71290,163218,982005,SUGAR NO. 11,CFTC COT Supplemental — Futures & Options Combined (4zgm-a668)
2025-10-07,164500,300353,-135853,359697,388060,-28363,238334,74119,164215,961639,SUGAR NO. 11,CFTC COT Supplemental — Futures & Options Combined (4zgm-a668)
2025-10-14,155283,329749,-174466,393027,388436,4591,243367,73493,169874,1005143,SUGAR NO. 11,CFTC COT Supplemental — Futures & Options Combined (4zgm-a668)
2025-10-21,146010,326830,-180820,402718,397167,5551,252647,77377,175270,1020385,SUGAR NO. 11,CFTC COT Supplemental — Futures & Options Combined (4zgm-a668)
2025-10-28,152288,348405,-196117,423755,401506,22249,255683,81814,173869,1064597,SUGAR NO. 11,CFTC COT Supplemental — Futures & Options Combined (4zgm-a668)
2025-11-04,152473,376367,-223894,431356,388616,42740,268808,87654,181154,1109740,SUGAR NO. 11,CFTC COT Supplemental — Futures & Options Combined (4zgm-a668)
2025-11-10,160620,380489,-219869,427187,379812,47375,265741,93248,172493,1124833,SUGAR NO. 11,CFTC COT Supplemental — Futures & Options Combined (4zgm-a668)
2025-11-18,152662,359681,-207019,411270,374183,37087,268568,98637,169931,1114344,SUGAR NO. 11,CFTC COT Supplemental — Futures & Options Combined (4zgm-a668)
2025-11-25,155180,366226,-211046,413899,371610,42289,268411,99654,168757,1119501,SUGAR NO. 11,CFTC COT Supplemental — Futures & Options Combined (4zgm-a668)
2025-12-02,157215,353672,-196457,416364,389110,27254,270357,101155,169202,1126784,SUGAR NO. 11,CFTC COT Supplemental — Futures & Options Combined (4zgm-a668)
2025-12-09,163272,355721,-192449,407649,383726,23923,268284,99758,168526,1114061,SUGAR NO. 11,CFTC COT Supplemental — Futures & Options Combined (4zgm-a668)
2025-12-16,159061,343243,-184182,397691,386199,11492,273529,100839,172690,1088161,SUGAR NO. 11,CFTC COT Supplemental — Futures & Options Combined (4zgm-a668)
2025-12-23,161073,329371,-168298,392748,394241,-1493,272733,102941,169792,1089237,SUGAR NO. 11,CFTC COT Supplemental — Futures & Options Combined (4zgm-a668)
2025-12-30,159544,324095,-164551,384215,396999,-12784,271649,94316,177333,1078540,SUGAR NO. 11,CFTC COT Supplemental — Futures & Options Combined (4zgm-a668)
2026-01-06,153060,328010,-174950,395973,400952,-4979,275982,96054,179928,1101827,SUGAR NO. 11,CFTC COT Supplemental — Futures & Options Combined (4zgm-a668)
2026-01-13,140534,330744,-190210,395407,413777,-18370,307375,98795,208580,1130938,SUGAR NO. 11,CFTC COT Supplemental — Futures & Options Combined (4zgm-a668)
2026-01-20,137406,340574,-203168,404541,419227,-14686,318979,101126,217853,1144934,SUGAR NO. 11,CFTC COT Supplemental — Futures & Options Combined (4zgm-a668)
2026-01-27,156257,338385,-182128,408603,438336,-29733,314128,102266,211862,1179469,SUGAR NO. 11,CFTC COT Supplemental — Futures & Options Combined (4zgm-a668)
2026-02-03,157480,396712,-239232,448235,420195,28040,320854,109663,211191,1243607,SUGAR NO. 11,CFTC COT Supplemental — Futures & Options Combined (4zgm-a668)
2026-02-10,179510,430953,-251443,469904,425733,44171,320888,113615,207273,1288048,SUGAR NO. 11,CFTC COT Supplemental — Futures & Options Combined (4zgm-a668)
2026-02-17,179130,444954,-265824,458699,401965,56734,317345,108256,209089,1247362,SUGAR NO. 11,CFTC COT Supplemental — Futures & Options Combined (4zgm-a668)
2026-02-24,182794,440657,-257863,418275,365462,52813,317831,112781,205050,1203496,SUGAR NO. 11,CFTC COT Supplemental — Futures & Options Combined (4zgm-a668)
2026-03-03,194520,435897,-241377,401703,351294,50409,312424,121456,190968,1204635,SUGAR NO. 11,CFTC COT Supplemental — Futures & Options Combined (4zgm-a668)
2026-03-10,205409,413295,-207886,385293,381756,3537,312488,108140,204348,1203317,SUGAR NO. 11,CFTC COT Supplemental — Futures & Options Combined (4zgm-a668)
2026-03-17,202401,408204,-205803,387371,388966,-1595,307301,99904,207397,1173307,SUGAR NO. 11,CFTC COT Supplemental — Futures & Options Combined (4zgm-a668)
2026-03-24,226085,329176,-103091,346781,482497,-135716,307048,68241,238807,1155009,SUGAR NO. 11,CFTC COT Supplemental — Futures & Options Combined (4zgm-a668)
2026-03-31,215155,295827,-80672,349844,506674,-156830,299685,62183,237502,1133934,SUGAR NO. 11,CFTC COT Supplemental — Futures & Options Combined (4zgm-a668)
2026-04-07,204336,305340,-101004,353354,491402,-138048,295639,56587,239052,1120593,SUGAR NO. 11,CFTC COT Supplemental — Futures & Options Combined (4zgm-a668)
2026-04-14,205292,352506,-147214,415094,482896,-67802,277613,62597,215016,1146235,SUGAR NO. 11,CFTC COT Supplemental — Futures & Options Combined (4zgm-a668)
2026-04-21,214338,370476,-156138,410406,445477,-35071,279584,88376,191208,1158960,SUGAR NO. 11,CFTC COT Supplemental — Futures & Options Combined (4zgm-a668)
2026-04-28,248909,377412,-128503,373362,429208,-55846,278381,94030,184351,1153429,SUGAR NO. 11,CFTC COT Supplemental — Futures & Options Combined (4zgm-a668)
2026-05-05,256239,343528,-87289,340516,473793,-133277,319756,99190,220566,1191826,SUGAR NO. 11,CFTC COT Supplemental — Futures & Options Combined (4zgm-a668)
2026-05-12,240300,333290,-92990,340826,475186,-134360,323331,95981,227350,1183981,SUGAR NO. 11,CFTC COT Supplemental — Futures & Options Combined (4zgm-a668)
2026-05-19,241109,332879,-91770,340411,488585,-148174,333401,93457,239944,1187801,SUGAR NO. 11,CFTC COT Supplemental — Futures & Options Combined (4zgm-a668)
2026-05-26,223909,335447,-111538,345695,483181,-137486,340147,91122,249025,1182651,SUGAR NO. 11,CFTC COT Supplemental — Futures & Options Combined (4zgm-a668)
2026-06-02,218874,353978,-135104,359950,456402,-96452,325948,94392,231556,1187070,SUGAR NO. 11,CFTC COT Supplemental — Futures & Options Combined (4zgm-a668)
2026-06-09,230200,362296,-132096,381181,470403,-89222,312420,91103,221317,1202562,SUGAR NO. 11,CFTC COT Supplemental — Futures & Options Combined (4zgm-a668)
2026-06-16,229400,371574,-142174,377719,443643,-65924,300281,92183,208098,1153487,SUGAR NO. 11,CFTC COT Supplemental — Futures & Options Combined (4zgm-a668)
2026-06-23,235215,383798,-148583,378898,420748,-41850,289642,99210,190432,1159845,SUGAR NO. 11,CFTC COT Supplemental — Futures & Options Combined (4zgm-a668)
2026-06-30,271314,363804,-92490,350106,443964,-93858,287225,100876,186349,1164400,SUGAR NO. 11,CFTC COT Supplemental — Futures & Options Combined (4zgm-a668)
2026-07-07,282203,339732,-57529,330897,470330,-139433,304419,107458,196961,1187827,SUGAR NO. 11,CFTC COT Supplemental — Futures & Options Combined (4zgm-a668)
2026-07-14,281004,349300,-68296,345545,479336,-133791,302699,100612,202087,1180502,SUGAR NO. 11,CFTC COT Supplemental — Futures & Options Combined (4zgm-a668)
2026-07-21,265174,352246,-87072,345055,479340,-134285,318743,97385,221358,1192719,SUGAR NO. 11,CFTC COT Supplemental — Futures & Options Combined (4zgm-a668)
2026-07-28,263445,383126,-119681,363301,462579,-99278,315161,96202,218959,1203654,SUGAR NO. 11,CFTC COT Supplemental — Futures & Options Combined (4zgm-a668)
2026-08-04,282359,374190,-91831,358225,489695,-131470,325343,102042,223301,1252623,SUGAR NO. 11,CFTC COT Supplemental — Futures & Options Combined (4zgm-a668)
2026-08-11,342072,317015,25057,353846,642741,-288895,360937,97098,263839,1424802,SUGAR NO. 11,CFTC COT Supplemental — Futures & Options Combined (4zgm-a668)
