data_coleta,cidade,ordem,data_prev,precip_mm,lat,lon,fonte_url
2026-09-30,Araçatuba,1,2026-09-30,0.0,-21.2089,-50.4329,https://open-meteo.com/
2026-09-30,Araçatuba,2,2026-10-01,5.7,-21.2089,-50.4329,https://open-meteo.com/
2026-09-30,Araçatuba,3,2026-10-02,2.0,-21.2089,-50.4329,https://open-meteo.com/
2026-09-30,Araçatuba,4,2026-10-03,5.4,-21.2089,-50.4329,https://open-meteo.com/
2026-09-30,Araçatuba,5,2026-10-04,25.3,-21.2089,-50.4329,https://open-meteo.com/
2026-09-30,Araçatuba,6,2026-10-05,9.3,-21.2089,-50.4329,https://open-meteo.com/
2026-09-30,Araçatuba,7,2026-10-06,13.9,-21.2089,-50.4329,https://open-meteo.com/
2026-09-30,Araçatuba,8,2026-10-07,3.2,-21.2089,-50.4329,https://open-meteo.com/
2026-09-30,Araçatuba,9,2026-10-08,1.8,-21.2089,-50.4329,https://open-meteo.com/
2026-09-30,Araçatuba,10,2026-10-09,3.0,-21.2089,-50.4329,https://open-meteo.com/
2026-09-30,Araçatuba,11,2026-10-10,16.8,-21.2089,-50.4329,https://open-meteo.com/
2026-09-30,Araçatuba,12,2026-10-11,12.4,-21.2089,-50.4329,https://open-meteo.com/
2026-09-30,Araçatuba,13,2026-10-12,12.4,-21.2089,-50.4329,https://open-meteo.com/
2026-09-30,Araçatuba,14,2026-10-13,4.0,-21.2089,-50.4329,https://open-meteo.com/
2026-09-30,Presidente Prudente,1,2026-09-30,2.5,-22.1256,-51.3889,https://open-meteo.com/
2026-09-30,Presidente Prudente,2,2026-10-01,12.6,-22.1256,-51.3889,https://open-meteo.com/
2026-09-30,Presidente Prudente,3,2026-10-02,0.7,-22.1256,-51.3889,https://open-meteo.com/
2026-09-30,Presidente Prudente,4,2026-10-03,7.2,-22.1256,-51.3889,https://open-meteo.com/
2026-09-30,Presidente Prudente,5,2026-10-04,11.7,-22.1256,-51.3889,https://open-meteo.com/
2026-09-30,Presidente Prudente,6,2026-10-05,7.0,-22.1256,-51.3889,https://open-meteo.com/
2026-09-30,Presidente Prudente,7,2026-10-06,5.0,-22.1256,-51.3889,https://open-meteo.com/
2026-09-30,Presidente Prudente,8,2026-10-07,2.4,-22.1256,-51.3889,https://open-meteo.com/
2026-09-30,Presidente Prudente,9,2026-10-08,6.0,-22.1256,-51.3889,https://open-meteo.com/
2026-09-30,Presidente Prudente,10,2026-10-09,21.4,-22.1256,-51.3889,https://open-meteo.com/
2026-09-30,Presidente Prudente,11,2026-10-10,9.2,-22.1256,-51.3889,https://open-meteo.com/
2026-09-30,Presidente Prudente,12,2026-10-11,11.4,-22.1256,-51.3889,https://open-meteo.com/
2026-09-30,Presidente Prudente,13,2026-10-12,7.8,-22.1256,-51.3889,https://open-meteo.com/
2026-09-30,Presidente Prudente,14,2026-10-13,7.0,-22.1256,-51.3889,https://open-meteo.com/
2026-09-30,São José do Rio Preto,1,2026-09-30,0.2,-20.8197,-49.3794,https://open-meteo.com/
2026-09-30,São José do Rio Preto,2,2026-10-01,4.3,-20.8197,-49.3794,https://open-meteo.com/
2026-09-30,São José do Rio Preto,3,2026-10-02,25.4,-20.8197,-49.3794,https://open-meteo.com/
2026-09-30,São José do Rio Preto,4,2026-10-03,5.7,-20.8197,-49.3794,https://open-meteo.com/
2026-09-30,São José do Rio Preto,5,2026-10-04,22.0,-20.8197,-49.3794,https://open-meteo.com/
2026-09-30,São José do Rio Preto,6,2026-10-05,4.2,-20.8197,-49.3794,https://open-meteo.com/
2026-09-30,São José do Rio Preto,7,2026-10-06,13.1,-20.8197,-49.3794,https://open-meteo.com/
2026-09-30,São José do Rio Preto,8,2026-10-07,2.6,-20.8197,-49.3794,https://open-meteo.com/
2026-09-30,São José do Rio Preto,9,2026-10-08,4.0,-20.8197,-49.3794,https://open-meteo.com/
2026-09-30,São José do Rio Preto,10,2026-10-09,3.8,-20.8197,-49.3794,https://open-meteo.com/
2026-09-30,São José do Rio Preto,11,2026-10-10,9.0,-20.8197,-49.3794,https://open-meteo.com/
2026-09-30,São José do Rio Preto,12,2026-10-11,4.2,-20.8197,-49.3794,https://open-meteo.com/
2026-09-30,São José do Rio Preto,13,2026-10-12,6.8,-20.8197,-49.3794,https://open-meteo.com/
2026-09-30,São José do Rio Preto,14,2026-10-13,2.4,-20.8197,-49.3794,https://open-meteo.com/
2026-09-30,Ribeirão Preto,1,2026-09-30,1.5,-21.1775,-47.8103,https://open-meteo.com/
2026-09-30,Ribeirão Preto,2,2026-10-01,25.5,-21.1775,-47.8103,https://open-meteo.com/
2026-09-30,Ribeirão Preto,3,2026-10-02,4.7,-21.1775,-47.8103,https://open-meteo.com/
2026-09-30,Ribeirão Preto,4,2026-10-03,11.4,-21.1775,-47.8103,https://open-meteo.com/
2026-09-30,Ribeirão Preto,5,2026-10-04,21.0,-21.1775,-47.8103,https://open-meteo.com/
2026-09-30,Ribeirão Preto,6,2026-10-05,3.3,-21.1775,-47.8103,https://open-meteo.com/
2026-09-30,Ribeirão Preto,7,2026-10-06,3.2,-21.1775,-47.8103,https://open-meteo.com/
2026-09-30,Ribeirão Preto,8,2026-10-07,4.0,-21.1775,-47.8103,https://open-meteo.com/
2026-09-30,Ribeirão Preto,9,2026-10-08,1.6,-21.1775,-47.8103,https://open-meteo.com/
2026-09-30,Ribeirão Preto,10,2026-10-09,13.0,-21.1775,-47.8103,https://open-meteo.com/
2026-09-30,Ribeirão Preto,11,2026-10-10,14.6,-21.1775,-47.8103,https://open-meteo.com/
2026-09-30,Ribeirão Preto,12,2026-10-11,4.4,-21.1775,-47.8103,https://open-meteo.com/
2026-09-30,Ribeirão Preto,13,2026-10-12,4.4,-21.1775,-47.8103,https://open-meteo.com/
2026-09-30,Ribeirão Preto,14,2026-10-13,16.0,-21.1775,-47.8103,https://open-meteo.com/
2026-09-30,Bauru,1,2026-09-30,0.8,-22.3147,-49.0606,https://open-meteo.com/
2026-09-30,Bauru,2,2026-10-01,6.7,-22.3147,-49.0606,https://open-meteo.com/
2026-09-30,Bauru,3,2026-10-02,1.6,-22.3147,-49.0606,https://open-meteo.com/
2026-09-30,Bauru,4,2026-10-03,9.5,-22.3147,-49.0606,https://open-meteo.com/
2026-09-30,Bauru,5,2026-10-04,29.1,-22.3147,-49.0606,https://open-meteo.com/
2026-09-30,Bauru,6,2026-10-05,11.2,-22.3147,-49.0606,https://open-meteo.com/
2026-09-30,Bauru,7,2026-10-06,27.5,-22.3147,-49.0606,https://open-meteo.com/
2026-09-30,Bauru,8,2026-10-07,6.4,-22.3147,-49.0606,https://open-meteo.com/
2026-09-30,Bauru,9,2026-10-08,4.2,-22.3147,-49.0606,https://open-meteo.com/
2026-09-30,Bauru,10,2026-10-09,6.6,-22.3147,-49.0606,https://open-meteo.com/
2026-09-30,Bauru,11,2026-10-10,5.6,-22.3147,-49.0606,https://open-meteo.com/
2026-09-30,Bauru,12,2026-10-11,3.6,-22.3147,-49.0606,https://open-meteo.com/
2026-09-30,Bauru,13,2026-10-12,1.0,-22.3147,-49.0606,https://open-meteo.com/
2026-09-30,Bauru,14,2026-10-13,2.6,-22.3147,-49.0606,https://open-meteo.com/
2026-09-30,Assis,1,2026-09-30,2.1,-22.6619,-50.4119,https://open-meteo.com/
2026-09-30,Assis,2,2026-10-01,13.6,-22.6619,-50.4119,https://open-meteo.com/
2026-09-30,Assis,3,2026-10-02,0.8,-22.6619,-50.4119,https://open-meteo.com/
2026-09-30,Assis,4,2026-10-03,8.6,-22.6619,-50.4119,https://open-meteo.com/
2026-09-30,Assis,5,2026-10-04,17.6,-22.6619,-50.4119,https://open-meteo.com/
2026-09-30,Assis,6,2026-10-05,13.8,-22.6619,-50.4119,https://open-meteo.com/
2026-09-30,Assis,7,2026-10-06,11.1,-22.6619,-50.4119,https://open-meteo.com/
2026-09-30,Assis,8,2026-10-07,19.2,-22.6619,-50.4119,https://open-meteo.com/
2026-09-30,Assis,9,2026-10-08,3.6,-22.6619,-50.4119,https://open-meteo.com/
2026-09-30,Assis,10,2026-10-09,18.4,-22.6619,-50.4119,https://open-meteo.com/
2026-09-30,Assis,11,2026-10-10,19.4,-22.6619,-50.4119,https://open-meteo.com/
2026-09-30,Assis,12,2026-10-11,2.0,-22.6619,-50.4119,https://open-meteo.com/
2026-09-30,Assis,13,2026-10-12,25.6,-22.6619,-50.4119,https://open-meteo.com/
2026-09-30,Assis,14,2026-10-13,6.6,-22.6619,-50.4119,https://open-meteo.com/
2026-09-30,Piracicaba,1,2026-09-30,0.3,-22.7253,-47.6492,https://open-meteo.com/
2026-09-30,Piracicaba,2,2026-10-01,10.1,-22.7253,-47.6492,https://open-meteo.com/
2026-09-30,Piracicaba,3,2026-10-02,1.0,-22.7253,-47.6492,https://open-meteo.com/
2026-09-30,Piracicaba,4,2026-10-03,9.4,-22.7253,-47.6492,https://open-meteo.com/
2026-09-30,Piracicaba,5,2026-10-04,28.7,-22.7253,-47.6492,https://open-meteo.com/
2026-09-30,Piracicaba,6,2026-10-05,20.4,-22.7253,-47.6492,https://open-meteo.com/
2026-09-30,Piracicaba,7,2026-10-06,8.1,-22.7253,-47.6492,https://open-meteo.com/
2026-09-30,Piracicaba,8,2026-10-07,1.6,-22.7253,-47.6492,https://open-meteo.com/
2026-09-30,Piracicaba,9,2026-10-08,2.6,-22.7253,-47.6492,https://open-meteo.com/
2026-09-30,Piracicaba,10,2026-10-09,16.6,-22.7253,-47.6492,https://open-meteo.com/
2026-09-30,Piracicaba,11,2026-10-10,16.4,-22.7253,-47.6492,https://open-meteo.com/
2026-09-30,Piracicaba,12,2026-10-11,0.4,-22.7253,-47.6492,https://open-meteo.com/
2026-09-30,Piracicaba,13,2026-10-12,1.8,-22.7253,-47.6492,https://open-meteo.com/
2026-09-30,Piracicaba,14,2026-10-13,7.0,-22.7253,-47.6492,https://open-meteo.com/
2026-09-30,Santos,1,2026-09-30,2.3,-23.9608,-46.3336,https://open-meteo.com/
2026-09-30,Santos,2,2026-10-01,13.4,-23.9608,-46.3336,https://open-meteo.com/
2026-09-30,Santos,3,2026-10-02,17.0,-23.9608,-46.3336,https://open-meteo.com/
2026-09-30,Santos,4,2026-10-03,0.4,-23.9608,-46.3336,https://open-meteo.com/
2026-09-30,Santos,5,2026-10-04,2.1,-23.9608,-46.3336,https://open-meteo.com/
2026-09-30,Santos,6,2026-10-05,6.6,-23.9608,-46.3336,https://open-meteo.com/
2026-09-30,Santos,7,2026-10-06,8.6,-23.9608,-46.3336,https://open-meteo.com/
2026-09-30,Santos,8,2026-10-07,22.2,-23.9608,-46.3336,https://open-meteo.com/
2026-09-30,Santos,9,2026-10-08,7.6,-23.9608,-46.3336,https://open-meteo.com/
2026-09-30,Santos,10,2026-10-09,11.6,-23.9608,-46.3336,https://open-meteo.com/
2026-09-30,Santos,11,2026-10-10,16.8,-23.9608,-46.3336,https://open-meteo.com/
2026-09-30,Santos,12,2026-10-11,8.2,-23.9608,-46.3336,https://open-meteo.com/
2026-09-30,Santos,13,2026-10-12,4.8,-23.9608,-46.3336,https://open-meteo.com/
2026-09-30,Santos,14,2026-10-13,5.0,-23.9608,-46.3336,https://open-meteo.com/
2026-09-30,Paranaguá,1,2026-09-30,2.2,-25.5161,-48.5222,https://open-meteo.com/
2026-09-30,Paranaguá,2,2026-10-01,14.6,-25.5161,-48.5222,https://open-meteo.com/
2026-09-30,Paranaguá,3,2026-10-02,3.4,-25.5161,-48.5222,https://open-meteo.com/
2026-09-30,Paranaguá,4,2026-10-03,4.8,-25.5161,-48.5222,https://open-meteo.com/
2026-09-30,Paranaguá,5,2026-10-04,7.3,-25.5161,-48.5222,https://open-meteo.com/
2026-09-30,Paranaguá,6,2026-10-05,5.3,-25.5161,-48.5222,https://open-meteo.com/
2026-09-30,Paranaguá,7,2026-10-06,9.6,-25.5161,-48.5222,https://open-meteo.com/
2026-09-30,Paranaguá,8,2026-10-07,6.2,-25.5161,-48.5222,https://open-meteo.com/
2026-09-30,Paranaguá,9,2026-10-08,5.8,-25.5161,-48.5222,https://open-meteo.com/
2026-09-30,Paranaguá,10,2026-10-09,9.2,-25.5161,-48.5222,https://open-meteo.com/
2026-09-30,Paranaguá,11,2026-10-10,3.0,-25.5161,-48.5222,https://open-meteo.com/
2026-09-30,Paranaguá,12,2026-10-11,5.8,-25.5161,-48.5222,https://open-meteo.com/
2026-09-30,Paranaguá,13,2026-10-12,7.2,-25.5161,-48.5222,https://open-meteo.com/
2026-09-30,Paranaguá,14,2026-10-13,23.8,-25.5161,-48.5222,https://open-meteo.com/
2026-09-30,Belo Horizonte,1,2026-09-30,0.0,-19.9167,-43.9345,https://open-meteo.com/
2026-09-30,Belo Horizonte,2,2026-10-01,0.0,-19.9167,-43.9345,https://open-meteo.com/
2026-09-30,Belo Horizonte,3,2026-10-02,5.1,-19.9167,-43.9345,https://open-meteo.com/
2026-09-30,Belo Horizonte,4,2026-10-03,11.9,-19.9167,-43.9345,https://open-meteo.com/
2026-09-30,Belo Horizonte,5,2026-10-04,11.6,-19.9167,-43.9345,https://open-meteo.com/
2026-09-30,Belo Horizonte,6,2026-10-05,3.0,-19.9167,-43.9345,https://open-meteo.com/
2026-09-30,Belo Horizonte,7,2026-10-06,1.2,-19.9167,-43.9345,https://open-meteo.com/
2026-09-30,Belo Horizonte,8,2026-10-07,8.2,-19.9167,-43.9345,https://open-meteo.com/
2026-09-30,Belo Horizonte,9,2026-10-08,1.6,-19.9167,-43.9345,https://open-meteo.com/
2026-09-30,Belo Horizonte,10,2026-10-09,0.0,-19.9167,-43.9345,https://open-meteo.com/
2026-09-30,Belo Horizonte,11,2026-10-10,1.2,-19.9167,-43.9345,https://open-meteo.com/
2026-09-30,Belo Horizonte,12,2026-10-11,13.2,-19.9167,-43.9345,https://open-meteo.com/
2026-09-30,Belo Horizonte,13,2026-10-12,9.0,-19.9167,-43.9345,https://open-meteo.com/
2026-09-30,Belo Horizonte,14,2026-10-13,0.6,-19.9167,-43.9345,https://open-meteo.com/
2026-09-30,Betim,1,2026-09-30,0.0,-19.9678,-44.1986,https://open-meteo.com/
2026-09-30,Betim,2,2026-10-01,0.0,-19.9678,-44.1986,https://open-meteo.com/
2026-09-30,Betim,3,2026-10-02,9.1,-19.9678,-44.1986,https://open-meteo.com/
2026-09-30,Betim,4,2026-10-03,11.1,-19.9678,-44.1986,https://open-meteo.com/
2026-09-30,Betim,5,2026-10-04,9.6,-19.9678,-44.1986,https://open-meteo.com/
2026-09-30,Betim,6,2026-10-05,6.1,-19.9678,-44.1986,https://open-meteo.com/
2026-09-30,Betim,7,2026-10-06,2.1,-19.9678,-44.1986,https://open-meteo.com/
2026-09-30,Betim,8,2026-10-07,6.8,-19.9678,-44.1986,https://open-meteo.com/
2026-09-30,Betim,9,2026-10-08,3.8,-19.9678,-44.1986,https://open-meteo.com/
2026-09-30,Betim,10,2026-10-09,0.0,-19.9678,-44.1986,https://open-meteo.com/
2026-09-30,Betim,11,2026-10-10,0.0,-19.9678,-44.1986,https://open-meteo.com/
2026-09-30,Betim,12,2026-10-11,9.6,-19.9678,-44.1986,https://open-meteo.com/
2026-09-30,Betim,13,2026-10-12,10.8,-19.9678,-44.1986,https://open-meteo.com/
2026-09-30,Betim,14,2026-10-13,1.2,-19.9678,-44.1986,https://open-meteo.com/
2026-09-30,Uberlândia,1,2026-09-30,1.2,-18.9186,-48.2772,https://open-meteo.com/
2026-09-30,Uberlândia,2,2026-10-01,7.7,-18.9186,-48.2772,https://open-meteo.com/
2026-09-30,Uberlândia,3,2026-10-02,9.1,-18.9186,-48.2772,https://open-meteo.com/
2026-09-30,Uberlândia,4,2026-10-03,2.0,-18.9186,-48.2772,https://open-meteo.com/
2026-09-30,Uberlândia,5,2026-10-04,10.5,-18.9186,-48.2772,https://open-meteo.com/
2026-09-30,Uberlândia,6,2026-10-05,1.2,-18.9186,-48.2772,https://open-meteo.com/
2026-09-30,Uberlândia,7,2026-10-06,7.2,-18.9186,-48.2772,https://open-meteo.com/
2026-09-30,Uberlândia,8,2026-10-07,6.0,-18.9186,-48.2772,https://open-meteo.com/
2026-09-30,Uberlândia,9,2026-10-08,0.0,-18.9186,-48.2772,https://open-meteo.com/
2026-09-30,Uberlândia,10,2026-10-09,0.0,-18.9186,-48.2772,https://open-meteo.com/
2026-09-30,Uberlândia,11,2026-10-10,1.8,-18.9186,-48.2772,https://open-meteo.com/
2026-09-30,Uberlândia,12,2026-10-11,6.6,-18.9186,-48.2772,https://open-meteo.com/
2026-09-30,Uberlândia,13,2026-10-12,1.8,-18.9186,-48.2772,https://open-meteo.com/
2026-09-30,Uberlândia,14,2026-10-13,1.4,-18.9186,-48.2772,https://open-meteo.com/
2026-09-30,Rio de Janeiro,1,2026-09-30,1.7,-22.9068,-43.1729,https://open-meteo.com/
2026-09-30,Rio de Janeiro,2,2026-10-01,2.1,-22.9068,-43.1729,https://open-meteo.com/
2026-09-30,Rio de Janeiro,3,2026-10-02,13.9,-22.9068,-43.1729,https://open-meteo.com/
2026-09-30,Rio de Janeiro,4,2026-10-03,1.4,-22.9068,-43.1729,https://open-meteo.com/
2026-09-30,Rio de Janeiro,5,2026-10-04,0.8,-22.9068,-43.1729,https://open-meteo.com/
2026-09-30,Rio de Janeiro,6,2026-10-05,3.3,-22.9068,-43.1729,https://open-meteo.com/
2026-09-30,Rio de Janeiro,7,2026-10-06,11.7,-22.9068,-43.1729,https://open-meteo.com/
2026-09-30,Rio de Janeiro,8,2026-10-07,2.8,-22.9068,-43.1729,https://open-meteo.com/
2026-09-30,Rio de Janeiro,9,2026-10-08,0.0,-22.9068,-43.1729,https://open-meteo.com/
2026-09-30,Rio de Janeiro,10,2026-10-09,1.2,-22.9068,-43.1729,https://open-meteo.com/
2026-09-30,Rio de Janeiro,11,2026-10-10,1.0,-22.9068,-43.1729,https://open-meteo.com/
2026-09-30,Rio de Janeiro,12,2026-10-11,9.4,-22.9068,-43.1729,https://open-meteo.com/
2026-09-30,Rio de Janeiro,13,2026-10-12,3.4,-22.9068,-43.1729,https://open-meteo.com/
2026-09-30,Rio de Janeiro,14,2026-10-13,1.2,-22.9068,-43.1729,https://open-meteo.com/
2026-09-30,Goiânia,1,2026-09-30,1.1,-16.6869,-49.2648,https://open-meteo.com/
2026-09-30,Goiânia,2,2026-10-01,4.0,-16.6869,-49.2648,https://open-meteo.com/
2026-09-30,Goiânia,3,2026-10-02,4.7,-16.6869,-49.2648,https://open-meteo.com/
2026-09-30,Goiânia,4,2026-10-03,3.5,-16.6869,-49.2648,https://open-meteo.com/
2026-09-30,Goiânia,5,2026-10-04,8.5,-16.6869,-49.2648,https://open-meteo.com/
2026-09-30,Goiânia,6,2026-10-05,0.3,-16.6869,-49.2648,https://open-meteo.com/
2026-09-30,Goiânia,7,2026-10-06,6.8,-16.6869,-49.2648,https://open-meteo.com/
2026-09-30,Goiânia,8,2026-10-07,13.0,-16.6869,-49.2648,https://open-meteo.com/
2026-09-30,Goiânia,9,2026-10-08,0.0,-16.6869,-49.2648,https://open-meteo.com/
2026-09-30,Goiânia,10,2026-10-09,0.0,-16.6869,-49.2648,https://open-meteo.com/
2026-09-30,Goiânia,11,2026-10-10,0.0,-16.6869,-49.2648,https://open-meteo.com/
2026-09-30,Goiânia,12,2026-10-11,0.6,-16.6869,-49.2648,https://open-meteo.com/
2026-09-30,Goiânia,13,2026-10-12,0.6,-16.6869,-49.2648,https://open-meteo.com/
2026-09-30,Goiânia,14,2026-10-13,1.4,-16.6869,-49.2648,https://open-meteo.com/
