data_coleta,ticker,nome,categoria,perf_1w_pct,perf_1m_pct,perf_3m_pct,perf_6m_pct,perf_1y_pct,perf_ytd_pct
2026-09-15,6A,AUD,CURRENCIES,-0.09,-1.26,0.67,0.94,1.02,6.81
2026-09-15,6B,GBP,CURRENCIES,-0.09,-0.56,-0.47,0.32,1.07,-1.35
2026-09-15,6C,CAD,CURRENCIES,-0.1,-0.91,-0.5,0.08,-2.57,-2.83
2026-09-15,6E,EUR,CURRENCIES,-0.08,-0.83,-0.38,-1.01,-0.65,-4.46
2026-09-15,6J,JPY,CURRENCIES,-0.18,-1.17,2.34,2.52,0.82,-8.57
2026-09-15,6N,NZD,CURRENCIES,-0.23,-1.59,-2.52,-1.83,-2.56,-5.2
2026-09-15,6S,CHF,CURRENCIES,-0.11,-1.15,-1.08,-4.1,-5.74,-7.67
2026-09-15,ALI,Aluminum,METALS,-0.38,-3.32,-0.18,-0.43,9.09,39.33
2026-09-15,BTC,Bitcoin,CURRENCIES,-0.47,-3.27,19.65,13.76,-0.35,-37.76
2026-09-15,CC,Cocoa,SOFTS,-1.66,0.17,2.6,44.71,66.38,-26.58
2026-09-15,CL,Crude Oil WTI,ENERGY,-0.57,9.56,28.9,42.51,27.03,99.91
2026-09-15,CT,Cotton,SOFTS,-0.08,-2.13,-0.38,9.99,17.33,10.45
2026-09-15,DX,USD,CURRENCIES,0.09,0.89,0.13,0.42,0.48,4.51
2026-09-15,DY,DAX,INDICES,0.18,-0.34,-3.87,1.43,6.3,6.04
2026-09-15,ER2,Russell 2000,INDICES,0.11,-1.59,-6.41,-2.94,13.1,16.03
2026-09-15,ES,S&P 500,INDICES,0.12,-0.6,-2.64,0.13,11.32,10.97
2026-09-15,EX,Euro Stoxx 50,INDICES,0.22,-0.79,-4.58,-0.67,9.56,16.41
2026-09-15,FC,Feeder Cattle,SOFTS,-1.18,2.58,2.11,-3.89,2.36,3.54
2026-09-15,G,Gasoil,ENERGY,-1.05,11.78,28.99,96.49,95.56,485.01
2026-09-15,GC,Gold,METALS,-0.25,-3.11,-2.6,-2.11,-15.71,10.13
2026-09-15,HG,Copper,METALS,0.05,-6.41,-3.96,-3.29,6.55,27.41
2026-09-15,HO,Heating Oil,ENERGY,-0.52,9.04,25.59,85.07,68.19,342.43
2026-09-15,HRC,Steel HRC,METALS,-0.16,0.16,2.67,3.1,3.27,7.41
2026-09-15,JO,Orange Juice,SOFTS,-0.52,1.03,2.63,-4.19,-26.94,-41.31
2026-09-15,KC,Coffee,SOFTS,-2.36,-2.63,-9.75,18.41,10.65,-20.96
2026-09-15,LB,Lumber,SOFTS,-1.32,-0.97,-0.44,-11.42,-8.76,-18.06
2026-09-15,LC,Live Cattle,SOFTS,-0.7,1.69,0.83,-7.86,0.44,-2.97
2026-09-15,LH,Lean Hogs,SOFTS,-0.66,-6.14,-3.27,-7.41,-21.38,-22.97
2026-09-15,NCF,Coal Newcastle,ENERGY,-1.53,-2.03,4.93,2.3,3.25,16.38
2026-09-15,NG,Natural Gas,ENERGY,0.55,4.0,5.35,-12.28,-13.24,22.65
2026-09-15,NKD,Nikkei 225,INDICES,-0.17,-1.18,-7.75,-8.43,16.13,41.04
2026-09-15,NQ,Nasdaq 100,INDICES,0.11,-1.58,-3.82,-4.36,14.89,14.45
2026-09-15,PA,Palladium,METALS,1.18,-4.56,-1.82,-5.02,-20.02,0.97
2026-09-15,PL,Platinum,METALS,0.39,-7.04,1.54,-2.59,-16.15,20.31
2026-09-15,QA,Crude Oil Brent,ENERGY,-0.45,6.97,23.95,41.72,29.42,123.45
2026-09-15,RB,Gasoline RBOB,ENERGY,-0.38,7.52,22.22,56.49,65.99,181.18
2026-09-15,RS,Canola,GRAINS,-0.18,-0.52,1.09,10.61,16.26,20.72
2026-09-15,SB,Sugar,SOFTS,-1.21,-0.88,8.07,26.43,19.44,5.28
2026-09-15,SI,Silver,METALS,0.5,-6.51,-2.64,-9.96,-22.18,39.49
2026-09-15,SR3,3 Month SOFR,RATES,0.0,-0.11,-0.19,-0.16,-0.11,-0.06
2026-09-15,TIO,Iron Ore,METALS,-0.14,-2.61,-1.71,-4.21,-4.38,-1.91
2026-09-15,TN,Ultra 10 Year Note,RATES,0.01,-1.19,-2.23,-4.09,-5.53,-6.85
2026-09-15,UB,Ultra Bond,RATES,0.09,-1.2,-1.28,-6.21,-7.14,-10.13
2026-09-15,UX,Uranium,ENERGY,0.0,0.11,0.95,2.33,2.92,2.28
2026-09-15,VX,VIX,INDICES,-0.52,-0.63,-4.9,-21.91,-48.41,-42.76
2026-09-15,YM,DJIA,INDICES,0.15,-0.45,-2.99,-0.54,9.4,10.53
2026-09-15,ZB,30 Year Bond,RATES,0.06,-1.39,-1.59,-5.38,-6.16,-8.23
2026-09-15,ZC,Corn,GRAINS,-0.19,1.33,10.49,19.56,7.87,8.25
2026-09-15,ZF,5 Year Note,RATES,0.02,-0.84,-1.81,-2.5,-3.84,-4.94
2026-09-15,ZK,Ethanol,ENERGY,1.22,0.97,2.21,5.94,-3.77,-0.89
2026-09-15,ZL,Soybean oil,GRAINS,-0.34,-0.63,0.2,-1.47,13.48,33.92
2026-09-15,ZM,Soybean Meal,GRAINS,-0.19,4.11,15.05,17.92,16.58,22.13
2026-09-15,ZN,10 Year Note,RATES,0.01,-1.05,-2.21,-3.42,-4.89,-6.2
2026-09-15,ZO,Oats,GRAINS,0.77,6.41,15.29,15.37,-4.02,3.96
2026-09-15,ZQ,30 Day Fed Funds,RATES,0.0,-0.04,-0.03,-0.03,-0.02,-0.03
2026-09-15,ZR,Rough Rice,GRAINS,-0.03,-1.62,9.32,24.69,26.34,14.6
2026-09-15,ZS,Soybeans,GRAINS,-0.17,0.53,10.38,15.41,11.38,17.68
2026-09-15,ZT,2 Year Note,RATES,0.01,-0.42,-0.84,-1.0,-1.69,-2.45
2026-09-15,ZW,Wheat,GRAINS,-0.48,-0.51,4.77,16.61,14.72,23.35
