ticker_yahoo,vencimento_codigo,mes_codigo,mes_nome,ano_vencimento,data,open,high,low,close,volume,moeda,unidade,fonte,timestamp_coleta
SBN26.NYB,SBN26,N,Jul,2026,2026-01-26,14.35,14.39,14.25,14.31,22282,USD,cents/lb,yahoo,2026-05-26T20:44:37-03:00
SBN26.NYB,SBN26,N,Jul,2026,2026-01-27,14.31,14.48,14.27,14.37,21557,USD,cents/lb,yahoo,2026-05-26T20:44:37-03:00
SBN26.NYB,SBN26,N,Jul,2026,2026-01-28,14.36,14.4,14.25,14.34,23327,USD,cents/lb,yahoo,2026-05-26T20:44:37-03:00
SBN26.NYB,SBN26,N,Jul,2026,2026-01-29,14.35,14.41,14.23,14.33,37593,USD,cents/lb,yahoo,2026-05-26T20:44:37-03:00
SBN26.NYB,SBN26,N,Jul,2026,2026-01-30,14.31,14.33,13.8,13.85,26338,USD,cents/lb,yahoo,2026-05-26T20:44:37-03:00
SBN26.NYB,SBN26,N,Jul,2026,2026-02-02,13.85,13.86,13.68,13.79,27906,USD,cents/lb,yahoo,2026-05-26T20:44:37-03:00
SBN26.NYB,SBN26,N,Jul,2026,2026-02-03,13.82,14.21,13.77,14.17,27862,USD,cents/lb,yahoo,2026-05-26T20:44:37-03:00
SBN26.NYB,SBN26,N,Jul,2026,2026-02-04,14.17,14.21,13.96,14.03,21753,USD,cents/lb,yahoo,2026-05-26T20:44:37-03:00
SBN26.NYB,SBN26,N,Jul,2026,2026-02-05,14.03,14.03,13.75,13.82,19927,USD,cents/lb,yahoo,2026-05-26T20:44:37-03:00
SBN26.NYB,SBN26,N,Jul,2026,2026-02-06,13.83,13.83,13.66,13.69,22113,USD,cents/lb,yahoo,2026-05-26T20:44:37-03:00
SBN26.NYB,SBN26,N,Jul,2026,2026-02-09,13.75,14.0,13.72,13.93,37934,USD,cents/lb,yahoo,2026-06-09T07:21:23-03:00
SBN26.NYB,SBN26,N,Jul,2026,2026-02-10,13.86,13.9,13.67,13.72,32176,USD,cents/lb,yahoo,2026-06-10T21:40:05-03:00
SBN26.NYB,SBN26,N,Jul,2026,2026-02-11,13.72,13.73,13.47,13.52,34138,USD,cents/lb,yahoo,2026-06-10T21:40:05-03:00
SBN26.NYB,SBN26,N,Jul,2026,2026-02-12,13.52,13.54,13.34,13.48,34813,USD,cents/lb,yahoo,2026-06-10T21:40:05-03:00
SBN26.NYB,SBN26,N,Jul,2026,2026-02-13,13.51,13.57,13.41,13.48,24747,USD,cents/lb,yahoo,2026-06-10T21:40:05-03:00
SBN26.NYB,SBN26,N,Jul,2026,2026-02-17,13.74,13.83,13.45,13.48,32736,USD,cents/lb,yahoo,2026-06-10T21:40:05-03:00
SBN26.NYB,SBN26,N,Jul,2026,2026-02-18,13.45,13.75,13.45,13.72,27286,USD,cents/lb,yahoo,2026-06-10T21:40:05-03:00
SBN26.NYB,SBN26,N,Jul,2026,2026-02-19,13.67,13.8,13.59,13.66,25072,USD,cents/lb,yahoo,2026-06-10T21:40:05-03:00
SBN26.NYB,SBN26,N,Jul,2026,2026-02-20,13.65,13.96,13.59,13.82,31364,USD,cents/lb,yahoo,2026-06-10T21:40:05-03:00
SBN26.NYB,SBN26,N,Jul,2026,2026-02-23,13.83,14.04,13.74,13.96,22772,USD,cents/lb,yahoo,2026-06-10T21:40:05-03:00
SBN26.NYB,SBN26,N,Jul,2026,2026-02-24,13.96,14.1,13.91,14.0,26777,USD,cents/lb,yahoo,2026-06-10T21:40:05-03:00
SBN26.NYB,SBN26,N,Jul,2026,2026-02-25,13.98,14.05,13.88,13.97,20192,USD,cents/lb,yahoo,2026-06-10T21:40:05-03:00
SBN26.NYB,SBN26,N,Jul,2026,2026-02-26,13.95,14.14,13.91,13.93,45223,USD,cents/lb,yahoo,2026-06-10T21:40:05-03:00
SBN26.NYB,SBN26,N,Jul,2026,2026-02-27,13.93,13.97,13.76,13.87,38566,USD,cents/lb,yahoo,2026-06-10T21:40:05-03:00
SBN26.NYB,SBN26,N,Jul,2026,2026-03-02,14.11,14.25,13.88,13.9,46966,USD,cents/lb,yahoo,2026-06-10T21:40:05-03:00
SBN26.NYB,SBN26,N,Jul,2026,2026-03-03,13.93,14.17,13.89,13.93,41317,USD,cents/lb,yahoo,2026-06-10T21:40:05-03:00
SBN26.NYB,SBN26,N,Jul,2026,2026-03-04,13.93,14.06,13.75,13.79,58171,USD,cents/lb,yahoo,2026-06-10T21:40:05-03:00
SBN26.NYB,SBN26,N,Jul,2026,2026-03-05,13.81,13.87,13.67,13.79,41394,USD,cents/lb,yahoo,2026-06-10T21:40:05-03:00
SBN26.NYB,SBN26,N,Jul,2026,2026-03-06,13.83,14.26,13.75,14.19,59422,USD,cents/lb,yahoo,2026-06-10T21:40:05-03:00
SBN26.NYB,SBN26,N,Jul,2026,2026-03-09,14.32,14.72,14.31,14.68,86028,USD,cents/lb,yahoo,2026-06-10T21:40:05-03:00
SBN26.NYB,SBN26,N,Jul,2026,2026-03-10,14.36,14.66,14.28,14.51,68320,USD,cents/lb,yahoo,2026-06-10T21:40:05-03:00
SBN26.NYB,SBN26,N,Jul,2026,2026-03-11,14.5,14.64,14.34,14.41,52200,USD,cents/lb,yahoo,2026-06-10T21:40:05-03:00
SBN26.NYB,SBN26,N,Jul,2026,2026-03-12,14.46,14.67,14.29,14.55,48957,USD,cents/lb,yahoo,2026-06-10T21:40:05-03:00
SBN26.NYB,SBN26,N,Jul,2026,2026-03-13,14.6,14.69,14.5,14.57,37658,USD,cents/lb,yahoo,2026-06-10T21:40:05-03:00
SBN26.NYB,SBN26,N,Jul,2026,2026-03-16,14.61,14.63,14.36,14.38,36092,USD,cents/lb,yahoo,2026-06-10T21:40:05-03:00
SBN26.NYB,SBN26,N,Jul,2026,2026-03-17,14.39,14.67,14.38,14.62,45268,USD,cents/lb,yahoo,2026-06-10T21:40:05-03:00
SBN26.NYB,SBN26,N,Jul,2026,2026-03-18,14.56,14.98,14.53,14.94,58870,USD,cents/lb,yahoo,2026-06-10T21:40:05-03:00
SBN26.NYB,SBN26,N,Jul,2026,2026-03-19,14.92,15.58,14.92,15.46,91788,USD,cents/lb,yahoo,2026-06-10T21:40:05-03:00
SBN26.NYB,SBN26,N,Jul,2026,2026-03-20,15.42,15.85,15.36,15.83,71613,USD,cents/lb,yahoo,2026-06-10T21:40:05-03:00
SBN26.NYB,SBN26,N,Jul,2026,2026-03-23,15.86,15.88,15.55,15.7,79428,USD,cents/lb,yahoo,2026-06-10T21:40:05-03:00
SBN26.NYB,SBN26,N,Jul,2026,2026-03-24,15.63,16.05,15.58,16.01,59239,USD,cents/lb,yahoo,2026-06-10T21:40:05-03:00
SBN26.NYB,SBN26,N,Jul,2026,2026-03-25,15.93,15.96,15.46,15.72,62868,USD,cents/lb,yahoo,2026-06-10T21:40:05-03:00
SBN26.NYB,SBN26,N,Jul,2026,2026-03-26,15.85,16.12,15.69,16.03,62372,USD,cents/lb,yahoo,2026-06-10T21:40:05-03:00
SBN26.NYB,SBN26,N,Jul,2026,2026-03-27,16.0,16.08,15.86,15.96,55573,USD,cents/lb,yahoo,2026-06-10T21:40:05-03:00
SBN26.NYB,SBN26,N,Jul,2026,2026-03-30,15.97,16.29,15.74,15.77,61900,USD,cents/lb,yahoo,2026-06-10T21:40:05-03:00
SBN26.NYB,SBN26,N,Jul,2026,2026-03-31,15.78,15.89,15.36,15.68,59502,USD,cents/lb,yahoo,2026-06-10T21:40:05-03:00
SBN26.NYB,SBN26,N,Jul,2026,2026-04-01,15.6,15.6,15.21,15.47,53871,USD,cents/lb,yahoo,2026-06-10T21:40:05-03:00
SBN26.NYB,SBN26,N,Jul,2026,2026-04-02,15.64,15.68,15.12,15.21,54074,USD,cents/lb,yahoo,2026-06-10T21:40:05-03:00
SBN26.NYB,SBN26,N,Jul,2026,2026-04-06,15.15,15.34,15.07,15.16,25638,USD,cents/lb,yahoo,2026-06-10T21:40:05-03:00
SBN26.NYB,SBN26,N,Jul,2026,2026-04-07,15.19,15.26,14.78,14.79,69537,USD,cents/lb,yahoo,2026-06-10T21:40:05-03:00
SBN26.NYB,SBN26,N,Jul,2026,2026-04-08,14.67,14.74,14.41,14.47,127209,USD,cents/lb,yahoo,2026-06-10T21:40:05-03:00
SBN26.NYB,SBN26,N,Jul,2026,2026-04-09,14.49,14.52,14.1,14.11,146469,USD,cents/lb,yahoo,2026-06-10T21:40:05-03:00
SBN26.NYB,SBN26,N,Jul,2026,2026-04-10,14.14,14.22,13.84,13.89,176940,USD,cents/lb,yahoo,2026-06-10T21:40:05-03:00
SBN26.NYB,SBN26,N,Jul,2026,2026-04-13,14.02,14.08,13.82,13.88,162689,USD,cents/lb,yahoo,2026-06-10T21:40:05-03:00
SBN26.NYB,SBN26,N,Jul,2026,2026-04-14,13.81,14.16,13.77,14.09,170938,USD,cents/lb,yahoo,2026-06-10T21:40:05-03:00
SBN26.NYB,SBN26,N,Jul,2026,2026-04-15,14.1,14.24,13.68,13.7,96155,USD,cents/lb,yahoo,2026-06-10T21:40:05-03:00
SBN26.NYB,SBN26,N,Jul,2026,2026-04-16,13.76,13.93,13.72,13.8,87696,USD,cents/lb,yahoo,2026-06-10T21:40:05-03:00
SBN26.NYB,SBN26,N,Jul,2026,2026-04-17,13.85,13.89,13.39,13.48,101511,USD,cents/lb,yahoo,2026-06-10T21:40:05-03:00
SBN26.NYB,SBN26,N,Jul,2026,2026-04-20,13.67,13.73,13.42,13.64,85408,USD,cents/lb,yahoo,2026-06-10T21:40:05-03:00
SBN26.NYB,SBN26,N,Jul,2026,2026-04-21,13.6,13.85,13.51,13.72,82959,USD,cents/lb,yahoo,2026-06-10T21:40:05-03:00
SBN26.NYB,SBN26,N,Jul,2026,2026-04-22,13.67,13.96,13.67,13.81,70281,USD,cents/lb,yahoo,2026-06-10T21:40:05-03:00
SBN26.NYB,SBN26,N,Jul,2026,2026-04-23,13.81,13.98,13.73,13.89,57114,USD,cents/lb,yahoo,2026-06-10T21:40:05-03:00
SBN26.NYB,SBN26,N,Jul,2026,2026-04-24,13.89,14.16,13.87,14.11,88220,USD,cents/lb,yahoo,2026-06-10T21:40:05-03:00
SBN26.NYB,SBN26,N,Jul,2026,2026-04-27,14.12,14.3,13.95,13.97,83320,USD,cents/lb,yahoo,2026-06-10T21:40:05-03:00
SBN26.NYB,SBN26,N,Jul,2026,2026-04-28,13.98,14.3,13.98,14.23,93286,USD,cents/lb,yahoo,2026-06-10T21:40:05-03:00
SBN26.NYB,SBN26,N,Jul,2026,2026-04-29,14.29,14.8,14.25,14.77,139563,USD,cents/lb,yahoo,2026-06-10T21:40:05-03:00
SBN26.NYB,SBN26,N,Jul,2026,2026-04-30,14.76,14.85,14.49,14.61,103437,USD,cents/lb,yahoo,2026-06-10T21:40:05-03:00
SBN26.NYB,SBN26,N,Jul,2026,2026-05-01,14.64,15.01,14.42,14.95,104632,USD,cents/lb,yahoo,2026-06-10T21:40:05-03:00
SBN26.NYB,SBN26,N,Jul,2026,2026-05-04,14.98,15.33,14.85,15.29,94189,USD,cents/lb,yahoo,2026-06-10T21:40:05-03:00
SBN26.NYB,SBN26,N,Jul,2026,2026-05-05,15.27,15.49,15.21,15.37,109285,USD,cents/lb,yahoo,2026-06-10T21:40:05-03:00
SBN26.NYB,SBN26,N,Jul,2026,2026-05-06,15.28,15.35,14.45,14.81,148332,USD,cents/lb,yahoo,2026-06-10T21:40:05-03:00
SBN26.NYB,SBN26,N,Jul,2026,2026-05-07,14.79,14.82,14.38,14.54,91843,USD,cents/lb,yahoo,2026-06-10T21:40:05-03:00
SBN26.NYB,SBN26,N,Jul,2026,2026-05-08,14.58,14.75,14.46,14.69,61209,USD,cents/lb,yahoo,2026-06-10T21:40:05-03:00
SBN26.NYB,SBN26,N,Jul,2026,2026-05-11,14.77,14.99,14.6,14.91,63035,USD,cents/lb,yahoo,2026-06-10T21:40:05-03:00
SBN26.NYB,SBN26,N,Jul,2026,2026-05-12,14.99,15.22,14.81,15.01,84734,USD,cents/lb,yahoo,2026-06-10T21:40:05-03:00
SBN26.NYB,SBN26,N,Jul,2026,2026-05-13,14.95,15.41,14.95,15.38,84192,USD,cents/lb,yahoo,2026-06-10T21:40:05-03:00
SBN26.NYB,SBN26,N,Jul,2026,2026-05-14,15.41,15.42,14.92,14.99,69710,USD,cents/lb,yahoo,2026-06-10T21:40:05-03:00
SBN26.NYB,SBN26,N,Jul,2026,2026-05-15,14.99,15.07,14.67,14.8,49091,USD,cents/lb,yahoo,2026-06-10T21:40:05-03:00
SBN26.NYB,SBN26,N,Jul,2026,2026-05-18,14.84,14.95,14.57,14.73,48212,USD,cents/lb,yahoo,2026-06-10T21:40:05-03:00
SBN26.NYB,SBN26,N,Jul,2026,2026-05-19,14.76,15.13,14.69,15.01,64935,USD,cents/lb,yahoo,2026-06-10T21:40:05-03:00
SBN26.NYB,SBN26,N,Jul,2026,2026-05-20,15.07,15.15,14.67,14.73,61726,USD,cents/lb,yahoo,2026-06-10T21:40:05-03:00
SBN26.NYB,SBN26,N,Jul,2026,2026-05-21,14.88,15.05,14.78,14.9,52802,USD,cents/lb,yahoo,2026-06-10T21:40:05-03:00
SBN26.NYB,SBN26,N,Jul,2026,2026-05-22,14.81,14.91,14.59,14.7,41558,USD,cents/lb,yahoo,2026-06-10T21:40:05-03:00
SBN26.NYB,SBN26,N,Jul,2026,2026-05-26,14.58,14.65,14.44,14.54,53497,USD,cents/lb,yahoo,2026-06-10T21:40:05-03:00
SBV26.NYB,SBV26,V,Out,2026,2026-01-26,14.66,14.68,14.58,14.64,12302,USD,cents/lb,yahoo,2026-05-26T20:44:37-03:00
SBV26.NYB,SBV26,V,Out,2026,2026-01-27,14.62,14.79,14.61,14.7,16666,USD,cents/lb,yahoo,2026-05-26T20:44:37-03:00
SBV26.NYB,SBV26,V,Out,2026,2026-01-28,14.69,14.72,14.56,14.68,17234,USD,cents/lb,yahoo,2026-05-26T20:44:37-03:00
SBV26.NYB,SBV26,V,Out,2026,2026-01-29,14.67,14.73,14.56,14.66,20669,USD,cents/lb,yahoo,2026-05-26T20:44:37-03:00
SBV26.NYB,SBV26,V,Out,2026,2026-01-30,14.67,14.67,14.15,14.19,18352,USD,cents/lb,yahoo,2026-05-26T20:44:37-03:00
SBV26.NYB,SBV26,V,Out,2026,2026-02-02,14.19,14.2,14.01,14.14,16387,USD,cents/lb,yahoo,2026-05-26T20:44:37-03:00
SBV26.NYB,SBV26,V,Out,2026,2026-02-03,14.16,14.53,14.12,14.48,15645,USD,cents/lb,yahoo,2026-05-26T20:44:37-03:00
SBV26.NYB,SBV26,V,Out,2026,2026-02-04,14.5,14.52,14.29,14.34,6976,USD,cents/lb,yahoo,2026-05-26T20:44:37-03:00
SBV26.NYB,SBV26,V,Out,2026,2026-02-05,14.34,14.34,14.09,14.15,7187,USD,cents/lb,yahoo,2026-05-26T20:44:37-03:00
SBV26.NYB,SBV26,V,Out,2026,2026-02-06,14.15,14.15,14.0,14.04,12697,USD,cents/lb,yahoo,2026-05-26T20:44:37-03:00
SBV26.NYB,SBV26,V,Out,2026,2026-02-09,14.06,14.32,14.05,14.25,19032,USD,cents/lb,yahoo,2026-06-09T07:21:23-03:00
SBV26.NYB,SBV26,V,Out,2026,2026-02-10,14.2,14.21,13.99,14.04,17345,USD,cents/lb,yahoo,2026-06-10T21:40:05-03:00
SBV26.NYB,SBV26,V,Out,2026,2026-02-11,14.04,14.05,13.81,13.87,16706,USD,cents/lb,yahoo,2026-06-10T21:40:05-03:00
SBV26.NYB,SBV26,V,Out,2026,2026-02-12,13.86,13.89,13.7,13.84,18951,USD,cents/lb,yahoo,2026-06-10T21:40:05-03:00
SBV26.NYB,SBV26,V,Out,2026,2026-02-13,13.85,13.92,13.74,13.82,14323,USD,cents/lb,yahoo,2026-06-10T21:40:05-03:00
SBV26.NYB,SBV26,V,Out,2026,2026-02-17,14.04,14.16,13.8,13.82,19620,USD,cents/lb,yahoo,2026-06-10T21:40:05-03:00
SBV26.NYB,SBV26,V,Out,2026,2026-02-18,13.81,14.06,13.79,14.03,16975,USD,cents/lb,yahoo,2026-06-10T21:40:05-03:00
SBV26.NYB,SBV26,V,Out,2026,2026-02-19,14.0,14.1,13.9,13.97,14913,USD,cents/lb,yahoo,2026-06-10T21:40:05-03:00
SBV26.NYB,SBV26,V,Out,2026,2026-02-20,13.95,14.25,13.9,14.12,20786,USD,cents/lb,yahoo,2026-06-10T21:40:05-03:00
SBV26.NYB,SBV26,V,Out,2026,2026-02-23,14.11,14.35,14.06,14.27,13871,USD,cents/lb,yahoo,2026-06-10T21:40:05-03:00
SBV26.NYB,SBV26,V,Out,2026,2026-02-24,14.27,14.4,14.22,14.3,17204,USD,cents/lb,yahoo,2026-06-10T21:40:05-03:00
SBV26.NYB,SBV26,V,Out,2026,2026-02-25,14.29,14.35,14.2,14.29,8367,USD,cents/lb,yahoo,2026-06-10T21:40:05-03:00
SBV26.NYB,SBV26,V,Out,2026,2026-02-26,14.28,14.44,14.25,14.28,24439,USD,cents/lb,yahoo,2026-06-10T21:40:05-03:00
SBV26.NYB,SBV26,V,Out,2026,2026-02-27,14.29,14.31,14.1,14.2,20631,USD,cents/lb,yahoo,2026-06-10T21:40:05-03:00
SBV26.NYB,SBV26,V,Out,2026,2026-03-02,14.5,14.55,14.2,14.23,25338,USD,cents/lb,yahoo,2026-06-10T21:40:05-03:00
SBV26.NYB,SBV26,V,Out,2026,2026-03-03,14.27,14.49,14.2,14.25,23897,USD,cents/lb,yahoo,2026-06-10T21:40:05-03:00
SBV26.NYB,SBV26,V,Out,2026,2026-03-04,14.28,14.38,14.09,14.14,28919,USD,cents/lb,yahoo,2026-06-10T21:40:05-03:00
SBV26.NYB,SBV26,V,Out,2026,2026-03-05,14.19,14.22,14.03,14.16,18039,USD,cents/lb,yahoo,2026-06-10T21:40:05-03:00
SBV26.NYB,SBV26,V,Out,2026,2026-03-06,14.18,14.6,14.12,14.54,33936,USD,cents/lb,yahoo,2026-06-10T21:40:05-03:00
SBV26.NYB,SBV26,V,Out,2026,2026-03-09,14.65,15.05,14.65,15.02,42115,USD,cents/lb,yahoo,2026-06-10T21:40:05-03:00
SBV26.NYB,SBV26,V,Out,2026,2026-03-10,14.75,15.02,14.64,14.89,30697,USD,cents/lb,yahoo,2026-06-10T21:40:05-03:00
SBV26.NYB,SBV26,V,Out,2026,2026-03-11,14.91,15.02,14.72,14.81,24023,USD,cents/lb,yahoo,2026-06-10T21:40:05-03:00
SBV26.NYB,SBV26,V,Out,2026,2026-03-12,14.87,15.03,14.69,14.92,23221,USD,cents/lb,yahoo,2026-06-10T21:40:05-03:00
SBV26.NYB,SBV26,V,Out,2026,2026-03-13,14.96,15.05,14.85,14.93,15888,USD,cents/lb,yahoo,2026-06-10T21:40:05-03:00
SBV26.NYB,SBV26,V,Out,2026,2026-03-16,14.96,15.0,14.75,14.78,14624,USD,cents/lb,yahoo,2026-06-10T21:40:05-03:00
SBV26.NYB,SBV26,V,Out,2026,2026-03-17,14.8,15.04,14.79,15.01,23335,USD,cents/lb,yahoo,2026-06-10T21:40:05-03:00
SBV26.NYB,SBV26,V,Out,2026,2026-03-18,14.99,15.31,14.89,15.29,32056,USD,cents/lb,yahoo,2026-06-10T21:40:05-03:00
SBV26.NYB,SBV26,V,Out,2026,2026-03-19,15.28,15.87,15.25,15.75,51495,USD,cents/lb,yahoo,2026-06-10T21:40:05-03:00
SBV26.NYB,SBV26,V,Out,2026,2026-03-20,15.72,16.17,15.67,16.15,43916,USD,cents/lb,yahoo,2026-06-10T21:40:05-03:00
SBV26.NYB,SBV26,V,Out,2026,2026-03-23,16.16,16.22,15.9,16.07,39913,USD,cents/lb,yahoo,2026-06-10T21:40:05-03:00
SBV26.NYB,SBV26,V,Out,2026,2026-03-24,16.04,16.37,15.97,16.34,32395,USD,cents/lb,yahoo,2026-06-10T21:40:05-03:00
SBV26.NYB,SBV26,V,Out,2026,2026-03-25,16.25,16.29,15.82,16.09,37587,USD,cents/lb,yahoo,2026-06-10T21:40:05-03:00
SBV26.NYB,SBV26,V,Out,2026,2026-03-26,16.2,16.45,16.06,16.35,26154,USD,cents/lb,yahoo,2026-06-10T21:40:05-03:00
SBV26.NYB,SBV26,V,Out,2026,2026-03-27,16.32,16.41,16.21,16.31,26412,USD,cents/lb,yahoo,2026-06-10T21:40:05-03:00
SBV26.NYB,SBV26,V,Out,2026,2026-03-30,16.35,16.64,16.13,16.16,32350,USD,cents/lb,yahoo,2026-06-10T21:40:05-03:00
SBV26.NYB,SBV26,V,Out,2026,2026-03-31,16.17,16.27,15.75,16.05,27860,USD,cents/lb,yahoo,2026-06-10T21:40:05-03:00
SBV26.NYB,SBV26,V,Out,2026,2026-04-01,15.98,15.98,15.59,15.85,26977,USD,cents/lb,yahoo,2026-06-10T21:40:05-03:00
SBV26.NYB,SBV26,V,Out,2026,2026-04-02,15.95,16.06,15.51,15.61,22930,USD,cents/lb,yahoo,2026-06-10T21:40:05-03:00
SBV26.NYB,SBV26,V,Out,2026,2026-04-06,15.56,15.73,15.47,15.57,12381,USD,cents/lb,yahoo,2026-06-10T21:40:05-03:00
SBV26.NYB,SBV26,V,Out,2026,2026-04-07,15.59,15.66,15.19,15.2,27110,USD,cents/lb,yahoo,2026-06-10T21:40:05-03:00
SBV26.NYB,SBV26,V,Out,2026,2026-04-08,15.1,15.14,14.84,14.9,31322,USD,cents/lb,yahoo,2026-06-10T21:40:05-03:00
SBV26.NYB,SBV26,V,Out,2026,2026-04-09,14.93,14.96,14.51,14.53,36474,USD,cents/lb,yahoo,2026-06-10T21:40:05-03:00
SBV26.NYB,SBV26,V,Out,2026,2026-04-10,14.56,14.61,14.24,14.29,46495,USD,cents/lb,yahoo,2026-06-10T21:40:05-03:00
SBV26.NYB,SBV26,V,Out,2026,2026-04-13,14.45,14.46,14.21,14.26,37208,USD,cents/lb,yahoo,2026-06-10T21:40:05-03:00
SBV26.NYB,SBV26,V,Out,2026,2026-04-14,14.21,14.51,14.16,14.44,38486,USD,cents/lb,yahoo,2026-06-10T21:40:05-03:00
SBV26.NYB,SBV26,V,Out,2026,2026-04-15,14.45,14.6,14.08,14.09,32449,USD,cents/lb,yahoo,2026-06-10T21:40:05-03:00
SBV26.NYB,SBV26,V,Out,2026,2026-04-16,14.16,14.31,14.11,14.2,26459,USD,cents/lb,yahoo,2026-06-10T21:40:05-03:00
SBV26.NYB,SBV26,V,Out,2026,2026-04-17,14.25,14.28,13.82,13.9,37684,USD,cents/lb,yahoo,2026-06-10T21:40:05-03:00
SBV26.NYB,SBV26,V,Out,2026,2026-04-20,14.07,14.11,13.84,14.02,27024,USD,cents/lb,yahoo,2026-06-10T21:40:05-03:00
SBV26.NYB,SBV26,V,Out,2026,2026-04-21,13.97,14.24,13.9,14.15,21263,USD,cents/lb,yahoo,2026-06-10T21:40:05-03:00
SBV26.NYB,SBV26,V,Out,2026,2026-04-22,14.13,14.37,14.11,14.23,18249,USD,cents/lb,yahoo,2026-06-10T21:40:05-03:00
SBV26.NYB,SBV26,V,Out,2026,2026-04-23,14.23,14.38,14.17,14.31,14061,USD,cents/lb,yahoo,2026-06-10T21:40:05-03:00
SBV26.NYB,SBV26,V,Out,2026,2026-04-24,14.34,14.55,14.28,14.51,28414,USD,cents/lb,yahoo,2026-06-10T21:40:05-03:00
SBV26.NYB,SBV26,V,Out,2026,2026-04-27,14.55,14.7,14.36,14.38,28402,USD,cents/lb,yahoo,2026-06-10T21:40:05-03:00
SBV26.NYB,SBV26,V,Out,2026,2026-04-28,14.38,14.7,14.38,14.63,34413,USD,cents/lb,yahoo,2026-06-10T21:40:05-03:00
SBV26.NYB,SBV26,V,Out,2026,2026-04-29,14.67,15.19,14.65,15.15,37249,USD,cents/lb,yahoo,2026-06-10T21:40:05-03:00
SBV26.NYB,SBV26,V,Out,2026,2026-04-30,15.13,15.24,14.92,15.05,53307,USD,cents/lb,yahoo,2026-06-10T21:40:05-03:00
SBV26.NYB,SBV26,V,Out,2026,2026-05-01,15.06,15.46,14.88,15.39,41920,USD,cents/lb,yahoo,2026-06-10T21:40:05-03:00
SBV26.NYB,SBV26,V,Out,2026,2026-05-04,15.41,15.79,15.32,15.76,36509,USD,cents/lb,yahoo,2026-06-10T21:40:05-03:00
SBV26.NYB,SBV26,V,Out,2026,2026-05-05,15.75,15.97,15.69,15.83,58782,USD,cents/lb,yahoo,2026-06-10T21:40:05-03:00
SBV26.NYB,SBV26,V,Out,2026,2026-05-06,15.7,15.8,14.95,15.3,59035,USD,cents/lb,yahoo,2026-06-10T21:40:05-03:00
SBV26.NYB,SBV26,V,Out,2026,2026-05-07,15.28,15.3,14.86,15.02,40537,USD,cents/lb,yahoo,2026-06-10T21:40:05-03:00
SBV26.NYB,SBV26,V,Out,2026,2026-05-08,15.04,15.22,14.92,15.16,28185,USD,cents/lb,yahoo,2026-06-10T21:40:05-03:00
SBV26.NYB,SBV26,V,Out,2026,2026-05-11,15.25,15.46,15.07,15.39,30101,USD,cents/lb,yahoo,2026-06-10T21:40:05-03:00
SBV26.NYB,SBV26,V,Out,2026,2026-05-12,15.45,15.69,15.3,15.52,45834,USD,cents/lb,yahoo,2026-06-10T21:40:05-03:00
SBV26.NYB,SBV26,V,Out,2026,2026-05-13,15.5,15.86,15.45,15.84,41438,USD,cents/lb,yahoo,2026-06-10T21:40:05-03:00
SBV26.NYB,SBV26,V,Out,2026,2026-05-14,15.85,15.88,15.41,15.49,29097,USD,cents/lb,yahoo,2026-06-10T21:40:05-03:00
SBV26.NYB,SBV26,V,Out,2026,2026-05-15,15.5,15.56,15.17,15.29,25522,USD,cents/lb,yahoo,2026-06-10T21:40:05-03:00
SBV26.NYB,SBV26,V,Out,2026,2026-05-18,15.43,15.43,15.06,15.21,25945,USD,cents/lb,yahoo,2026-06-10T21:40:05-03:00
SBV26.NYB,SBV26,V,Out,2026,2026-05-19,15.27,15.57,15.17,15.46,31968,USD,cents/lb,yahoo,2026-06-10T21:40:05-03:00
SBV26.NYB,SBV26,V,Out,2026,2026-05-20,15.49,15.61,15.17,15.22,31917,USD,cents/lb,yahoo,2026-06-10T21:40:05-03:00
SBV26.NYB,SBV26,V,Out,2026,2026-05-21,15.33,15.51,15.28,15.37,34820,USD,cents/lb,yahoo,2026-06-10T21:40:05-03:00
SBV26.NYB,SBV26,V,Out,2026,2026-05-22,15.3,15.38,15.06,15.17,21307,USD,cents/lb,yahoo,2026-06-10T21:40:05-03:00
SBV26.NYB,SBV26,V,Out,2026,2026-05-26,15.05,15.11,14.9,15.0,27725,USD,cents/lb,yahoo,2026-06-10T21:40:05-03:00
SBH27.NYB,SBH27,H,Mar,2027,2026-01-26,15.35,15.39,15.28,15.37,7177,USD,cents/lb,yahoo,2026-05-26T20:44:37-03:00
SBH27.NYB,SBH27,H,Mar,2027,2026-01-27,15.36,15.5,15.33,15.43,9907,USD,cents/lb,yahoo,2026-05-26T20:44:37-03:00
SBH27.NYB,SBH27,H,Mar,2027,2026-01-28,15.42,15.45,15.31,15.43,13187,USD,cents/lb,yahoo,2026-05-26T20:44:37-03:00
SBH27.NYB,SBH27,H,Mar,2027,2026-01-29,15.41,15.45,15.28,15.39,11981,USD,cents/lb,yahoo,2026-05-26T20:44:37-03:00
SBH27.NYB,SBH27,H,Mar,2027,2026-01-30,15.39,15.39,14.87,14.91,10092,USD,cents/lb,yahoo,2026-05-26T20:44:37-03:00
SBH27.NYB,SBH27,H,Mar,2027,2026-02-02,14.91,14.92,14.73,14.87,7554,USD,cents/lb,yahoo,2026-05-26T20:44:37-03:00
SBH27.NYB,SBH27,H,Mar,2027,2026-02-03,14.85,15.24,14.85,15.19,6933,USD,cents/lb,yahoo,2026-05-26T20:44:37-03:00
SBH27.NYB,SBH27,H,Mar,2027,2026-02-04,15.19,15.23,15.01,15.06,3834,USD,cents/lb,yahoo,2026-05-26T20:44:37-03:00
SBH27.NYB,SBH27,H,Mar,2027,2026-02-05,15.04,15.06,14.82,14.88,5054,USD,cents/lb,yahoo,2026-05-26T20:44:37-03:00
SBH27.NYB,SBH27,H,Mar,2027,2026-02-06,14.85,14.87,14.71,14.78,6657,USD,cents/lb,yahoo,2026-05-26T20:44:37-03:00
SBH27.NYB,SBH27,H,Mar,2027,2026-02-09,14.79,15.01,14.76,14.96,8373,USD,cents/lb,yahoo,2026-06-09T07:21:23-03:00
SBH27.NYB,SBH27,H,Mar,2027,2026-02-10,14.9,14.92,14.7,14.75,7003,USD,cents/lb,yahoo,2026-06-10T21:40:05-03:00
SBH27.NYB,SBH27,H,Mar,2027,2026-02-11,14.74,14.76,14.52,14.59,10660,USD,cents/lb,yahoo,2026-06-10T21:40:05-03:00
SBH27.NYB,SBH27,H,Mar,2027,2026-02-12,14.58,14.62,14.42,14.57,7853,USD,cents/lb,yahoo,2026-06-10T21:40:05-03:00
SBH27.NYB,SBH27,H,Mar,2027,2026-02-13,14.57,14.63,14.46,14.54,7740,USD,cents/lb,yahoo,2026-06-10T21:40:05-03:00
SBH27.NYB,SBH27,H,Mar,2027,2026-02-17,14.71,14.87,14.51,14.54,9319,USD,cents/lb,yahoo,2026-06-10T21:40:05-03:00
SBH27.NYB,SBH27,H,Mar,2027,2026-02-18,14.48,14.73,14.48,14.72,7872,USD,cents/lb,yahoo,2026-06-10T21:40:05-03:00
SBH27.NYB,SBH27,H,Mar,2027,2026-02-19,14.69,14.78,14.59,14.65,7146,USD,cents/lb,yahoo,2026-06-10T21:40:05-03:00
SBH27.NYB,SBH27,H,Mar,2027,2026-02-20,14.62,14.91,14.58,14.78,11652,USD,cents/lb,yahoo,2026-06-10T21:40:05-03:00
SBH27.NYB,SBH27,H,Mar,2027,2026-02-23,14.77,15.01,14.73,14.94,8083,USD,cents/lb,yahoo,2026-06-10T21:40:05-03:00
SBH27.NYB,SBH27,H,Mar,2027,2026-02-24,14.93,15.06,14.9,14.98,6335,USD,cents/lb,yahoo,2026-06-10T21:40:05-03:00
SBH27.NYB,SBH27,H,Mar,2027,2026-02-25,14.96,15.03,14.89,14.97,4654,USD,cents/lb,yahoo,2026-06-10T21:40:05-03:00
SBH27.NYB,SBH27,H,Mar,2027,2026-02-26,14.96,15.1,14.93,14.96,9646,USD,cents/lb,yahoo,2026-06-10T21:40:05-03:00
SBH27.NYB,SBH27,H,Mar,2027,2026-02-27,14.96,14.99,14.78,14.89,10752,USD,cents/lb,yahoo,2026-06-10T21:40:05-03:00
SBH27.NYB,SBH27,H,Mar,2027,2026-03-02,15.09,15.21,14.89,14.9,11199,USD,cents/lb,yahoo,2026-06-10T21:40:05-03:00
SBH27.NYB,SBH27,H,Mar,2027,2026-03-03,14.97,15.14,14.88,14.91,12009,USD,cents/lb,yahoo,2026-06-10T21:40:05-03:00
SBH27.NYB,SBH27,H,Mar,2027,2026-03-04,14.94,15.04,14.77,14.83,9834,USD,cents/lb,yahoo,2026-06-10T21:40:05-03:00
SBH27.NYB,SBH27,H,Mar,2027,2026-03-05,14.83,14.91,14.72,14.86,8652,USD,cents/lb,yahoo,2026-06-10T21:40:05-03:00
SBH27.NYB,SBH27,H,Mar,2027,2026-03-06,14.9,15.27,14.8,15.2,18937,USD,cents/lb,yahoo,2026-06-10T21:40:05-03:00
SBH27.NYB,SBH27,H,Mar,2027,2026-03-09,15.28,15.71,15.28,15.68,16694,USD,cents/lb,yahoo,2026-06-10T21:40:05-03:00
SBH27.NYB,SBH27,H,Mar,2027,2026-03-10,15.47,15.7,15.3,15.57,8552,USD,cents/lb,yahoo,2026-06-10T21:40:05-03:00
SBH27.NYB,SBH27,H,Mar,2027,2026-03-11,15.52,15.7,15.4,15.51,6840,USD,cents/lb,yahoo,2026-06-10T21:40:05-03:00
SBH27.NYB,SBH27,H,Mar,2027,2026-03-12,15.58,15.73,15.39,15.61,9211,USD,cents/lb,yahoo,2026-06-10T21:40:05-03:00
SBH27.NYB,SBH27,H,Mar,2027,2026-03-13,15.63,15.71,15.52,15.6,5170,USD,cents/lb,yahoo,2026-06-10T21:40:05-03:00
SBH27.NYB,SBH27,H,Mar,2027,2026-03-16,15.64,15.68,15.44,15.47,5663,USD,cents/lb,yahoo,2026-06-10T21:40:05-03:00
SBH27.NYB,SBH27,H,Mar,2027,2026-03-17,15.47,15.72,15.47,15.7,7566,USD,cents/lb,yahoo,2026-06-10T21:40:05-03:00
SBH27.NYB,SBH27,H,Mar,2027,2026-03-18,15.65,15.97,15.58,15.95,12007,USD,cents/lb,yahoo,2026-06-10T21:40:05-03:00
SBH27.NYB,SBH27,H,Mar,2027,2026-03-19,15.92,16.48,15.9,16.38,25727,USD,cents/lb,yahoo,2026-06-10T21:40:05-03:00
SBH27.NYB,SBH27,H,Mar,2027,2026-03-20,16.38,16.78,16.3,16.76,20584,USD,cents/lb,yahoo,2026-06-10T21:40:05-03:00
SBH27.NYB,SBH27,H,Mar,2027,2026-03-23,16.76,16.83,16.55,16.7,17206,USD,cents/lb,yahoo,2026-06-10T21:40:05-03:00
SBH27.NYB,SBH27,H,Mar,2027,2026-03-24,16.68,16.96,16.62,16.94,14486,USD,cents/lb,yahoo,2026-06-10T21:40:05-03:00
SBH27.NYB,SBH27,H,Mar,2027,2026-03-25,16.88,16.88,16.44,16.73,20819,USD,cents/lb,yahoo,2026-06-10T21:40:05-03:00
SBH27.NYB,SBH27,H,Mar,2027,2026-03-26,16.85,17.06,16.7,16.96,12539,USD,cents/lb,yahoo,2026-06-10T21:40:05-03:00
SBH27.NYB,SBH27,H,Mar,2027,2026-03-27,16.96,17.0,16.84,16.94,9549,USD,cents/lb,yahoo,2026-06-10T21:40:05-03:00
SBH27.NYB,SBH27,H,Mar,2027,2026-03-30,16.97,17.26,16.77,16.81,13257,USD,cents/lb,yahoo,2026-06-10T21:40:05-03:00
SBH27.NYB,SBH27,H,Mar,2027,2026-03-31,16.81,16.9,16.4,16.69,13545,USD,cents/lb,yahoo,2026-06-10T21:40:05-03:00
SBH27.NYB,SBH27,H,Mar,2027,2026-04-01,16.6,16.6,16.24,16.51,12173,USD,cents/lb,yahoo,2026-06-10T21:40:05-03:00
SBH27.NYB,SBH27,H,Mar,2027,2026-04-02,16.65,16.71,16.2,16.29,11023,USD,cents/lb,yahoo,2026-06-10T21:40:05-03:00
SBH27.NYB,SBH27,H,Mar,2027,2026-04-06,16.26,16.4,16.16,16.27,8924,USD,cents/lb,yahoo,2026-06-10T21:40:05-03:00
SBH27.NYB,SBH27,H,Mar,2027,2026-04-07,16.32,16.36,15.88,15.89,16071,USD,cents/lb,yahoo,2026-06-10T21:40:05-03:00
SBH27.NYB,SBH27,H,Mar,2027,2026-04-08,15.79,15.84,15.55,15.63,18707,USD,cents/lb,yahoo,2026-06-10T21:40:05-03:00
SBH27.NYB,SBH27,H,Mar,2027,2026-04-09,15.66,15.68,15.25,15.27,14419,USD,cents/lb,yahoo,2026-06-10T21:40:05-03:00
SBH27.NYB,SBH27,H,Mar,2027,2026-04-10,15.27,15.35,15.0,15.03,20269,USD,cents/lb,yahoo,2026-06-10T21:40:05-03:00
SBH27.NYB,SBH27,H,Mar,2027,2026-04-13,15.13,15.2,14.96,15.01,11988,USD,cents/lb,yahoo,2026-06-10T21:40:05-03:00
SBH27.NYB,SBH27,H,Mar,2027,2026-04-14,14.96,15.24,14.89,15.17,18455,USD,cents/lb,yahoo,2026-06-10T21:40:05-03:00
SBH27.NYB,SBH27,H,Mar,2027,2026-04-15,15.22,15.32,14.86,14.87,19261,USD,cents/lb,yahoo,2026-06-10T21:40:05-03:00
SBH27.NYB,SBH27,H,Mar,2027,2026-04-16,14.97,15.07,14.87,14.98,12247,USD,cents/lb,yahoo,2026-06-10T21:40:05-03:00
SBH27.NYB,SBH27,H,Mar,2027,2026-04-17,15.0,15.05,14.61,14.69,16672,USD,cents/lb,yahoo,2026-06-10T21:40:05-03:00
SBH27.NYB,SBH27,H,Mar,2027,2026-04-20,14.86,14.86,14.61,14.78,12753,USD,cents/lb,yahoo,2026-06-10T21:40:05-03:00
SBH27.NYB,SBH27,H,Mar,2027,2026-04-21,14.74,14.99,14.67,14.93,9246,USD,cents/lb,yahoo,2026-06-10T21:40:05-03:00
SBH27.NYB,SBH27,H,Mar,2027,2026-04-22,14.91,15.14,14.88,15.0,9559,USD,cents/lb,yahoo,2026-06-10T21:40:05-03:00
SBH27.NYB,SBH27,H,Mar,2027,2026-04-23,15.0,15.14,14.93,15.08,7765,USD,cents/lb,yahoo,2026-06-10T21:40:05-03:00
SBH27.NYB,SBH27,H,Mar,2027,2026-04-24,15.11,15.32,15.06,15.27,12205,USD,cents/lb,yahoo,2026-06-10T21:40:05-03:00
SBH27.NYB,SBH27,H,Mar,2027,2026-04-27,15.32,15.47,15.16,15.17,12690,USD,cents/lb,yahoo,2026-06-10T21:40:05-03:00
SBH27.NYB,SBH27,H,Mar,2027,2026-04-28,15.17,15.5,15.17,15.42,14480,USD,cents/lb,yahoo,2026-06-10T21:40:05-03:00
SBH27.NYB,SBH27,H,Mar,2027,2026-04-29,15.46,15.96,15.44,15.92,19076,USD,cents/lb,yahoo,2026-06-10T21:40:05-03:00
SBH27.NYB,SBH27,H,Mar,2027,2026-04-30,15.92,16.02,15.73,15.86,25122,USD,cents/lb,yahoo,2026-06-10T21:40:05-03:00
SBH27.NYB,SBH27,H,Mar,2027,2026-05-01,15.88,16.28,15.7,16.21,19667,USD,cents/lb,yahoo,2026-06-10T21:40:05-03:00
SBH27.NYB,SBH27,H,Mar,2027,2026-05-04,16.22,16.59,16.13,16.56,17438,USD,cents/lb,yahoo,2026-06-10T21:40:05-03:00
SBH27.NYB,SBH27,H,Mar,2027,2026-05-05,16.57,16.75,16.48,16.63,24422,USD,cents/lb,yahoo,2026-06-10T21:40:05-03:00
SBH27.NYB,SBH27,H,Mar,2027,2026-05-06,16.54,16.61,15.78,16.15,35746,USD,cents/lb,yahoo,2026-06-10T21:40:05-03:00
SBH27.NYB,SBH27,H,Mar,2027,2026-05-07,16.15,16.15,15.7,15.86,18715,USD,cents/lb,yahoo,2026-06-10T21:40:05-03:00
SBH27.NYB,SBH27,H,Mar,2027,2026-05-08,15.86,16.04,15.75,15.99,11932,USD,cents/lb,yahoo,2026-06-10T21:40:05-03:00
SBH27.NYB,SBH27,H,Mar,2027,2026-05-11,16.07,16.29,15.91,16.23,12174,USD,cents/lb,yahoo,2026-06-10T21:40:05-03:00
SBH27.NYB,SBH27,H,Mar,2027,2026-05-12,16.28,16.51,16.15,16.35,20215,USD,cents/lb,yahoo,2026-06-10T21:40:05-03:00
SBH27.NYB,SBH27,H,Mar,2027,2026-05-13,16.31,16.67,16.29,16.64,19796,USD,cents/lb,yahoo,2026-06-10T21:40:05-03:00
SBH27.NYB,SBH27,H,Mar,2027,2026-05-14,16.66,16.67,16.23,16.33,16208,USD,cents/lb,yahoo,2026-06-10T21:40:05-03:00
SBH27.NYB,SBH27,H,Mar,2027,2026-05-15,16.29,16.38,16.01,16.14,12721,USD,cents/lb,yahoo,2026-06-10T21:40:05-03:00
SBH27.NYB,SBH27,H,Mar,2027,2026-05-18,16.18,16.27,15.91,16.06,12158,USD,cents/lb,yahoo,2026-06-10T21:40:05-03:00
SBH27.NYB,SBH27,H,Mar,2027,2026-05-19,16.1,16.39,16.02,16.28,16897,USD,cents/lb,yahoo,2026-06-10T21:40:05-03:00
SBH27.NYB,SBH27,H,Mar,2027,2026-05-20,16.35,16.43,16.02,16.06,11417,USD,cents/lb,yahoo,2026-06-10T21:40:05-03:00
SBH27.NYB,SBH27,H,Mar,2027,2026-05-21,16.12,16.34,16.11,16.23,15599,USD,cents/lb,yahoo,2026-06-10T21:40:05-03:00
SBH27.NYB,SBH27,H,Mar,2027,2026-05-22,16.18,16.22,15.93,16.04,8242,USD,cents/lb,yahoo,2026-06-10T21:40:05-03:00
SBH27.NYB,SBH27,H,Mar,2027,2026-05-26,15.96,15.98,15.77,15.88,13871,USD,cents/lb,yahoo,2026-06-10T21:40:05-03:00
SBK27.NYB,SBK27,K,Mai,2027,2026-01-26,15.2,15.2,15.11,15.19,932,USD,cents/lb,yahoo,2026-05-26T20:44:37-03:00
SBK27.NYB,SBK27,K,Mai,2027,2026-01-27,15.19,15.32,15.18,15.25,1802,USD,cents/lb,yahoo,2026-05-26T20:44:37-03:00
SBK27.NYB,SBK27,K,Mai,2027,2026-01-28,15.2,15.27,15.16,15.27,1794,USD,cents/lb,yahoo,2026-05-26T20:44:37-03:00
SBK27.NYB,SBK27,K,Mai,2027,2026-01-29,15.22,15.31,15.15,15.24,4809,USD,cents/lb,yahoo,2026-05-26T20:44:37-03:00
SBK27.NYB,SBK27,K,Mai,2027,2026-01-30,15.21,15.21,14.74,14.75,3181,USD,cents/lb,yahoo,2026-05-26T20:44:37-03:00
SBK27.NYB,SBK27,K,Mai,2027,2026-02-02,14.72,14.76,14.58,14.72,954,USD,cents/lb,yahoo,2026-05-26T20:44:37-03:00
SBK27.NYB,SBK27,K,Mai,2027,2026-02-03,14.72,15.04,14.7,15.02,1231,USD,cents/lb,yahoo,2026-05-26T20:44:37-03:00
SBK27.NYB,SBK27,K,Mai,2027,2026-02-04,15.01,15.06,14.85,14.89,511,USD,cents/lb,yahoo,2026-05-26T20:44:37-03:00
SBK27.NYB,SBK27,K,Mai,2027,2026-02-05,14.88,14.88,14.67,14.72,977,USD,cents/lb,yahoo,2026-05-26T20:44:37-03:00
SBK27.NYB,SBK27,K,Mai,2027,2026-02-06,14.73,14.73,14.55,14.63,1148,USD,cents/lb,yahoo,2026-05-26T20:44:37-03:00
SBK27.NYB,SBK27,K,Mai,2027,2026-02-09,14.64,14.85,14.61,14.79,2366,USD,cents/lb,yahoo,2026-06-09T07:21:23-03:00
SBK27.NYB,SBK27,K,Mai,2027,2026-02-10,14.73,14.75,14.53,14.59,1105,USD,cents/lb,yahoo,2026-06-10T21:40:05-03:00
SBK27.NYB,SBK27,K,Mai,2027,2026-02-11,14.58,14.58,14.38,14.45,3240,USD,cents/lb,yahoo,2026-06-10T21:40:05-03:00
SBK27.NYB,SBK27,K,Mai,2027,2026-02-12,14.4,14.48,14.29,14.44,2761,USD,cents/lb,yahoo,2026-06-10T21:40:05-03:00
SBK27.NYB,SBK27,K,Mai,2027,2026-02-13,14.44,14.49,14.32,14.4,1700,USD,cents/lb,yahoo,2026-06-10T21:40:05-03:00
SBK27.NYB,SBK27,K,Mai,2027,2026-02-17,14.57,14.72,14.36,14.39,2351,USD,cents/lb,yahoo,2026-06-10T21:40:05-03:00
SBK27.NYB,SBK27,K,Mai,2027,2026-02-18,14.33,14.55,14.33,14.54,2128,USD,cents/lb,yahoo,2026-06-10T21:40:05-03:00
SBK27.NYB,SBK27,K,Mai,2027,2026-02-19,14.5,14.57,14.42,14.48,1991,USD,cents/lb,yahoo,2026-06-10T21:40:05-03:00
SBK27.NYB,SBK27,K,Mai,2027,2026-02-20,14.43,14.72,14.43,14.6,3913,USD,cents/lb,yahoo,2026-06-10T21:40:05-03:00
SBK27.NYB,SBK27,K,Mai,2027,2026-02-23,14.59,14.81,14.59,14.76,1366,USD,cents/lb,yahoo,2026-06-10T21:40:05-03:00
SBK27.NYB,SBK27,K,Mai,2027,2026-02-24,14.77,14.87,14.73,14.8,2517,USD,cents/lb,yahoo,2026-06-10T21:40:05-03:00
SBK27.NYB,SBK27,K,Mai,2027,2026-02-25,14.78,14.85,14.7,14.76,1902,USD,cents/lb,yahoo,2026-06-10T21:40:05-03:00
SBK27.NYB,SBK27,K,Mai,2027,2026-02-26,14.76,14.9,14.74,14.77,2655,USD,cents/lb,yahoo,2026-06-10T21:40:05-03:00
SBK27.NYB,SBK27,K,Mai,2027,2026-02-27,14.79,14.79,14.59,14.69,2851,USD,cents/lb,yahoo,2026-06-10T21:40:05-03:00
SBK27.NYB,SBK27,K,Mai,2027,2026-03-02,14.85,14.99,14.69,14.7,2684,USD,cents/lb,yahoo,2026-06-10T21:40:05-03:00
SBK27.NYB,SBK27,K,Mai,2027,2026-03-03,14.8,14.92,14.64,14.7,5332,USD,cents/lb,yahoo,2026-06-10T21:40:05-03:00
SBK27.NYB,SBK27,K,Mai,2027,2026-03-04,14.73,14.85,14.58,14.64,3959,USD,cents/lb,yahoo,2026-06-10T21:40:05-03:00
SBK27.NYB,SBK27,K,Mai,2027,2026-03-05,14.65,14.73,14.54,14.69,2197,USD,cents/lb,yahoo,2026-06-10T21:40:05-03:00
SBK27.NYB,SBK27,K,Mai,2027,2026-03-06,14.7,15.1,14.64,15.02,4933,USD,cents/lb,yahoo,2026-06-10T21:40:05-03:00
SBK27.NYB,SBK27,K,Mai,2027,2026-03-09,15.14,15.51,15.14,15.48,6119,USD,cents/lb,yahoo,2026-06-10T21:40:05-03:00
SBK27.NYB,SBK27,K,Mai,2027,2026-03-10,15.3,15.5,15.14,15.39,2341,USD,cents/lb,yahoo,2026-06-10T21:40:05-03:00
SBK27.NYB,SBK27,K,Mai,2027,2026-03-11,15.34,15.51,15.23,15.32,2989,USD,cents/lb,yahoo,2026-06-10T21:40:05-03:00
SBK27.NYB,SBK27,K,Mai,2027,2026-03-12,15.4,15.52,15.2,15.4,2461,USD,cents/lb,yahoo,2026-06-10T21:40:05-03:00
SBK27.NYB,SBK27,K,Mai,2027,2026-03-13,15.4,15.48,15.32,15.38,1660,USD,cents/lb,yahoo,2026-06-10T21:40:05-03:00
SBK27.NYB,SBK27,K,Mai,2027,2026-03-16,15.42,15.45,15.24,15.28,2621,USD,cents/lb,yahoo,2026-06-10T21:40:05-03:00
SBK27.NYB,SBK27,K,Mai,2027,2026-03-17,15.29,15.53,15.29,15.51,3492,USD,cents/lb,yahoo,2026-06-10T21:40:05-03:00
SBK27.NYB,SBK27,K,Mai,2027,2026-03-18,15.46,15.75,15.39,15.72,4219,USD,cents/lb,yahoo,2026-06-10T21:40:05-03:00
SBK27.NYB,SBK27,K,Mai,2027,2026-03-19,15.67,16.12,15.67,16.04,8262,USD,cents/lb,yahoo,2026-06-10T21:40:05-03:00
SBK27.NYB,SBK27,K,Mai,2027,2026-03-20,16.0,16.43,15.97,16.42,7574,USD,cents/lb,yahoo,2026-06-10T21:40:05-03:00
SBK27.NYB,SBK27,K,Mai,2027,2026-03-23,16.38,16.49,16.27,16.33,6127,USD,cents/lb,yahoo,2026-06-10T21:40:05-03:00
SBK27.NYB,SBK27,K,Mai,2027,2026-03-24,16.33,16.57,16.28,16.56,5381,USD,cents/lb,yahoo,2026-06-10T21:40:05-03:00
SBK27.NYB,SBK27,K,Mai,2027,2026-03-25,16.5,16.51,16.13,16.4,8693,USD,cents/lb,yahoo,2026-06-10T21:40:05-03:00
SBK27.NYB,SBK27,K,Mai,2027,2026-03-26,16.52,16.69,16.37,16.59,4395,USD,cents/lb,yahoo,2026-06-10T21:40:05-03:00
SBK27.NYB,SBK27,K,Mai,2027,2026-03-27,16.59,16.64,16.49,16.59,4056,USD,cents/lb,yahoo,2026-06-10T21:40:05-03:00
SBK27.NYB,SBK27,K,Mai,2027,2026-03-30,16.6,16.88,16.41,16.46,6094,USD,cents/lb,yahoo,2026-06-10T21:40:05-03:00
SBK27.NYB,SBK27,K,Mai,2027,2026-03-31,16.46,16.51,16.03,16.33,4403,USD,cents/lb,yahoo,2026-06-10T21:40:05-03:00
SBK27.NYB,SBK27,K,Mai,2027,2026-04-01,16.27,16.27,15.9,16.19,4387,USD,cents/lb,yahoo,2026-06-10T21:40:05-03:00
SBK27.NYB,SBK27,K,Mai,2027,2026-04-02,16.35,16.38,15.94,16.04,4448,USD,cents/lb,yahoo,2026-06-10T21:40:05-03:00
SBK27.NYB,SBK27,K,Mai,2027,2026-04-06,15.99,16.14,15.91,16.04,2479,USD,cents/lb,yahoo,2026-06-10T21:40:05-03:00
SBK27.NYB,SBK27,K,Mai,2027,2026-04-07,16.08,16.12,15.68,15.69,6988,USD,cents/lb,yahoo,2026-06-10T21:40:05-03:00
SBK27.NYB,SBK27,K,Mai,2027,2026-04-08,15.6,15.66,15.39,15.46,7063,USD,cents/lb,yahoo,2026-06-10T21:40:05-03:00
SBK27.NYB,SBK27,K,Mai,2027,2026-04-09,15.49,15.51,15.08,15.1,5428,USD,cents/lb,yahoo,2026-06-10T21:40:05-03:00
SBK27.NYB,SBK27,K,Mai,2027,2026-04-10,15.16,15.18,14.84,14.87,6342,USD,cents/lb,yahoo,2026-06-10T21:40:05-03:00
SBK27.NYB,SBK27,K,Mai,2027,2026-04-13,15.0,15.03,14.79,14.84,4498,USD,cents/lb,yahoo,2026-06-10T21:40:05-03:00
SBK27.NYB,SBK27,K,Mai,2027,2026-04-14,14.79,15.06,14.73,14.99,6782,USD,cents/lb,yahoo,2026-06-10T21:40:05-03:00
SBK27.NYB,SBK27,K,Mai,2027,2026-04-15,15.02,15.15,14.69,14.71,5350,USD,cents/lb,yahoo,2026-06-10T21:40:05-03:00
SBK27.NYB,SBK27,K,Mai,2027,2026-04-16,14.78,14.88,14.7,14.81,4506,USD,cents/lb,yahoo,2026-06-10T21:40:05-03:00
SBK27.NYB,SBK27,K,Mai,2027,2026-04-17,14.84,14.86,14.45,14.53,6020,USD,cents/lb,yahoo,2026-06-10T21:40:05-03:00
SBK27.NYB,SBK27,K,Mai,2027,2026-04-20,14.7,14.7,14.45,14.61,4105,USD,cents/lb,yahoo,2026-06-10T21:40:05-03:00
SBK27.NYB,SBK27,K,Mai,2027,2026-04-21,14.51,14.81,14.5,14.76,3204,USD,cents/lb,yahoo,2026-06-10T21:40:05-03:00
SBK27.NYB,SBK27,K,Mai,2027,2026-04-22,14.72,14.95,14.71,14.81,3087,USD,cents/lb,yahoo,2026-06-10T21:40:05-03:00
SBK27.NYB,SBK27,K,Mai,2027,2026-04-23,14.8,14.96,14.75,14.89,1824,USD,cents/lb,yahoo,2026-06-10T21:40:05-03:00
SBK27.NYB,SBK27,K,Mai,2027,2026-04-24,14.94,15.12,14.87,15.05,4010,USD,cents/lb,yahoo,2026-06-10T21:40:05-03:00
SBK27.NYB,SBK27,K,Mai,2027,2026-04-27,15.13,15.25,14.95,14.97,2935,USD,cents/lb,yahoo,2026-06-10T21:40:05-03:00
SBK27.NYB,SBK27,K,Mai,2027,2026-04-28,14.98,15.28,14.98,15.22,3951,USD,cents/lb,yahoo,2026-06-10T21:40:05-03:00
SBK27.NYB,SBK27,K,Mai,2027,2026-04-29,15.26,15.72,15.25,15.69,4800,USD,cents/lb,yahoo,2026-06-10T21:40:05-03:00
SBK27.NYB,SBK27,K,Mai,2027,2026-04-30,15.71,15.78,15.52,15.65,4557,USD,cents/lb,yahoo,2026-06-10T21:40:05-03:00
SBK27.NYB,SBK27,K,Mai,2027,2026-05-01,15.67,16.06,15.49,16.0,8945,USD,cents/lb,yahoo,2026-06-10T21:40:05-03:00
SBK27.NYB,SBK27,K,Mai,2027,2026-05-04,15.99,16.35,15.93,16.32,5692,USD,cents/lb,yahoo,2026-06-10T21:40:05-03:00
SBK27.NYB,SBK27,K,Mai,2027,2026-05-05,16.48,16.5,16.24,16.4,7479,USD,cents/lb,yahoo,2026-06-10T21:40:05-03:00
SBK27.NYB,SBK27,K,Mai,2027,2026-05-06,16.32,16.38,15.62,15.96,9483,USD,cents/lb,yahoo,2026-06-10T21:40:05-03:00
SBK27.NYB,SBK27,K,Mai,2027,2026-05-07,15.94,15.95,15.51,15.65,4949,USD,cents/lb,yahoo,2026-06-10T21:40:05-03:00
SBK27.NYB,SBK27,K,Mai,2027,2026-05-08,15.65,15.81,15.54,15.76,3489,USD,cents/lb,yahoo,2026-06-10T21:40:05-03:00
SBK27.NYB,SBK27,K,Mai,2027,2026-05-11,15.82,16.06,15.68,16.0,3634,USD,cents/lb,yahoo,2026-06-10T21:40:05-03:00
SBK27.NYB,SBK27,K,Mai,2027,2026-05-12,16.05,16.26,15.92,16.11,4006,USD,cents/lb,yahoo,2026-06-10T21:40:05-03:00
SBK27.NYB,SBK27,K,Mai,2027,2026-05-13,16.06,16.39,16.06,16.37,6052,USD,cents/lb,yahoo,2026-06-10T21:40:05-03:00
SBK27.NYB,SBK27,K,Mai,2027,2026-05-14,16.39,16.4,16.0,16.11,3609,USD,cents/lb,yahoo,2026-06-10T21:40:05-03:00
SBK27.NYB,SBK27,K,Mai,2027,2026-05-15,16.1,16.15,15.8,15.94,3465,USD,cents/lb,yahoo,2026-06-10T21:40:05-03:00
SBK27.NYB,SBK27,K,Mai,2027,2026-05-18,16.0,16.06,15.72,15.87,5001,USD,cents/lb,yahoo,2026-06-10T21:40:05-03:00
SBK27.NYB,SBK27,K,Mai,2027,2026-05-19,15.91,16.17,15.83,16.07,5321,USD,cents/lb,yahoo,2026-06-10T21:40:05-03:00
SBK27.NYB,SBK27,K,Mai,2027,2026-05-20,16.12,16.21,15.83,15.87,3652,USD,cents/lb,yahoo,2026-06-10T21:40:05-03:00
SBK27.NYB,SBK27,K,Mai,2027,2026-05-21,15.95,16.13,15.9,16.02,4595,USD,cents/lb,yahoo,2026-06-10T21:40:05-03:00
SBK27.NYB,SBK27,K,Mai,2027,2026-05-22,15.95,16.0,15.72,15.84,2484,USD,cents/lb,yahoo,2026-06-10T21:40:05-03:00
SBK27.NYB,SBK27,K,Mai,2027,2026-05-26,15.76,15.79,15.59,15.67,4050,USD,cents/lb,yahoo,2026-06-10T21:40:05-03:00
SBN27.NYB,SBN27,N,Jul,2027,2026-01-26,15.18,15.18,15.09,15.16,195,USD,cents/lb,yahoo,2026-05-26T20:44:37-03:00
SBN27.NYB,SBN27,N,Jul,2027,2026-01-27,15.17,15.29,15.16,15.22,792,USD,cents/lb,yahoo,2026-05-26T20:44:37-03:00
SBN27.NYB,SBN27,N,Jul,2027,2026-01-28,15.17,15.26,15.13,15.27,765,USD,cents/lb,yahoo,2026-05-26T20:44:37-03:00
SBN27.NYB,SBN27,N,Jul,2027,2026-01-29,15.24,15.3,15.16,15.23,1110,USD,cents/lb,yahoo,2026-05-26T20:44:37-03:00
SBN27.NYB,SBN27,N,Jul,2027,2026-01-30,15.16,15.16,14.75,14.76,1143,USD,cents/lb,yahoo,2026-05-26T20:44:37-03:00
SBN27.NYB,SBN27,N,Jul,2027,2026-02-02,14.73,14.77,14.59,14.73,340,USD,cents/lb,yahoo,2026-05-26T20:44:37-03:00
SBN27.NYB,SBN27,N,Jul,2027,2026-02-03,14.72,15.03,14.71,15.01,421,USD,cents/lb,yahoo,2026-05-26T20:44:37-03:00
SBN27.NYB,SBN27,N,Jul,2027,2026-02-04,14.96,15.05,14.85,14.88,272,USD,cents/lb,yahoo,2026-05-26T20:44:37-03:00
SBN27.NYB,SBN27,N,Jul,2027,2026-02-05,14.83,14.83,14.66,14.72,327,USD,cents/lb,yahoo,2026-05-26T20:44:37-03:00
SBN27.NYB,SBN27,N,Jul,2027,2026-02-06,14.75,14.75,14.55,14.63,446,USD,cents/lb,yahoo,2026-05-26T20:44:37-03:00
SBN27.NYB,SBN27,N,Jul,2027,2026-02-09,14.68,14.81,14.64,14.78,1075,USD,cents/lb,yahoo,2026-06-09T07:21:23-03:00
SBN27.NYB,SBN27,N,Jul,2027,2026-02-10,14.71,14.73,14.52,14.58,310,USD,cents/lb,yahoo,2026-06-10T21:40:05-03:00
SBN27.NYB,SBN27,N,Jul,2027,2026-02-11,14.54,14.54,14.39,14.47,2754,USD,cents/lb,yahoo,2026-06-10T21:40:05-03:00
SBN27.NYB,SBN27,N,Jul,2027,2026-02-12,14.39,14.5,14.32,14.47,782,USD,cents/lb,yahoo,2026-06-10T21:40:05-03:00
SBN27.NYB,SBN27,N,Jul,2027,2026-02-13,14.48,14.52,14.35,14.42,737,USD,cents/lb,yahoo,2026-06-10T21:40:05-03:00
SBN27.NYB,SBN27,N,Jul,2027,2026-02-17,14.62,14.7,14.38,14.41,880,USD,cents/lb,yahoo,2026-06-10T21:40:05-03:00
SBN27.NYB,SBN27,N,Jul,2027,2026-02-18,14.4,14.55,14.36,14.53,1004,USD,cents/lb,yahoo,2026-06-10T21:40:05-03:00
SBN27.NYB,SBN27,N,Jul,2027,2026-02-19,14.49,14.55,14.41,14.49,934,USD,cents/lb,yahoo,2026-06-10T21:40:05-03:00
SBN27.NYB,SBN27,N,Jul,2027,2026-02-20,14.44,14.69,14.44,14.61,3409,USD,cents/lb,yahoo,2026-06-10T21:40:05-03:00
SBN27.NYB,SBN27,N,Jul,2027,2026-02-23,14.58,14.83,14.56,14.76,2313,USD,cents/lb,yahoo,2026-06-10T21:40:05-03:00
SBN27.NYB,SBN27,N,Jul,2027,2026-02-24,14.88,14.88,14.75,14.82,2306,USD,cents/lb,yahoo,2026-06-10T21:40:05-03:00
SBN27.NYB,SBN27,N,Jul,2027,2026-02-25,14.76,14.87,14.75,14.75,1022,USD,cents/lb,yahoo,2026-06-10T21:40:05-03:00
SBN27.NYB,SBN27,N,Jul,2027,2026-02-26,14.75,14.91,14.74,14.77,2126,USD,cents/lb,yahoo,2026-06-10T21:40:05-03:00
SBN27.NYB,SBN27,N,Jul,2027,2026-02-27,14.76,14.78,14.6,14.7,500,USD,cents/lb,yahoo,2026-06-10T21:40:05-03:00
SBN27.NYB,SBN27,N,Jul,2027,2026-03-02,14.86,14.98,14.7,14.71,1502,USD,cents/lb,yahoo,2026-06-10T21:40:05-03:00
SBN27.NYB,SBN27,N,Jul,2027,2026-03-03,14.77,14.91,14.65,14.71,3976,USD,cents/lb,yahoo,2026-06-10T21:40:05-03:00
SBN27.NYB,SBN27,N,Jul,2027,2026-03-04,14.74,14.85,14.62,14.67,2002,USD,cents/lb,yahoo,2026-06-10T21:40:05-03:00
SBN27.NYB,SBN27,N,Jul,2027,2026-03-05,14.68,14.76,14.58,14.72,1198,USD,cents/lb,yahoo,2026-06-10T21:40:05-03:00
SBN27.NYB,SBN27,N,Jul,2027,2026-03-06,14.72,15.11,14.67,15.04,2153,USD,cents/lb,yahoo,2026-06-10T21:40:05-03:00
SBN27.NYB,SBN27,N,Jul,2027,2026-03-09,15.16,15.51,15.15,15.48,2871,USD,cents/lb,yahoo,2026-06-10T21:40:05-03:00
SBN27.NYB,SBN27,N,Jul,2027,2026-03-10,15.22,15.51,15.16,15.41,816,USD,cents/lb,yahoo,2026-06-10T21:40:05-03:00
SBN27.NYB,SBN27,N,Jul,2027,2026-03-11,15.51,15.51,15.25,15.35,1413,USD,cents/lb,yahoo,2026-06-10T21:40:05-03:00
SBN27.NYB,SBN27,N,Jul,2027,2026-03-12,15.48,15.55,15.26,15.42,1447,USD,cents/lb,yahoo,2026-06-10T21:40:05-03:00
SBN27.NYB,SBN27,N,Jul,2027,2026-03-13,15.42,15.49,15.34,15.39,447,USD,cents/lb,yahoo,2026-06-10T21:40:05-03:00
SBN27.NYB,SBN27,N,Jul,2027,2026-03-16,15.44,15.44,15.28,15.31,2261,USD,cents/lb,yahoo,2026-06-10T21:40:05-03:00
SBN27.NYB,SBN27,N,Jul,2027,2026-03-17,15.34,15.58,15.33,15.55,2501,USD,cents/lb,yahoo,2026-06-10T21:40:05-03:00
SBN27.NYB,SBN27,N,Jul,2027,2026-03-18,15.51,15.76,15.42,15.73,2185,USD,cents/lb,yahoo,2026-06-10T21:40:05-03:00
SBN27.NYB,SBN27,N,Jul,2027,2026-03-19,15.69,16.08,15.69,15.99,4800,USD,cents/lb,yahoo,2026-06-10T21:40:05-03:00
SBN27.NYB,SBN27,N,Jul,2027,2026-03-20,15.95,16.34,15.95,16.32,4473,USD,cents/lb,yahoo,2026-06-10T21:40:05-03:00
SBN27.NYB,SBN27,N,Jul,2027,2026-03-23,16.28,16.39,16.16,16.2,4764,USD,cents/lb,yahoo,2026-06-10T21:40:05-03:00
SBN27.NYB,SBN27,N,Jul,2027,2026-03-24,16.2,16.43,16.19,16.4,2774,USD,cents/lb,yahoo,2026-06-10T21:40:05-03:00
SBN27.NYB,SBN27,N,Jul,2027,2026-03-25,16.32,16.33,16.03,16.27,3236,USD,cents/lb,yahoo,2026-06-10T21:40:05-03:00
SBN27.NYB,SBN27,N,Jul,2027,2026-03-26,16.37,16.51,16.26,16.42,2543,USD,cents/lb,yahoo,2026-06-10T21:40:05-03:00
SBN27.NYB,SBN27,N,Jul,2027,2026-03-27,16.35,16.47,16.35,16.44,2532,USD,cents/lb,yahoo,2026-06-10T21:40:05-03:00
SBN27.NYB,SBN27,N,Jul,2027,2026-03-30,16.43,16.71,16.26,16.31,3319,USD,cents/lb,yahoo,2026-06-10T21:40:05-03:00
SBN27.NYB,SBN27,N,Jul,2027,2026-03-31,16.31,16.33,15.86,16.18,3140,USD,cents/lb,yahoo,2026-06-10T21:40:05-03:00
SBN27.NYB,SBN27,N,Jul,2027,2026-04-01,16.08,16.15,15.75,16.09,2830,USD,cents/lb,yahoo,2026-06-10T21:40:05-03:00
SBN27.NYB,SBN27,N,Jul,2027,2026-04-02,16.25,16.26,15.9,15.98,1893,USD,cents/lb,yahoo,2026-06-10T21:40:05-03:00
SBN27.NYB,SBN27,N,Jul,2027,2026-04-06,15.94,16.04,15.85,16.01,987,USD,cents/lb,yahoo,2026-06-10T21:40:05-03:00
SBN27.NYB,SBN27,N,Jul,2027,2026-04-07,16.06,16.08,15.66,15.68,1997,USD,cents/lb,yahoo,2026-06-10T21:40:05-03:00
SBN27.NYB,SBN27,N,Jul,2027,2026-04-08,15.57,15.65,15.39,15.48,4240,USD,cents/lb,yahoo,2026-06-10T21:40:05-03:00
SBN27.NYB,SBN27,N,Jul,2027,2026-04-09,15.5,15.5,15.1,15.13,2820,USD,cents/lb,yahoo,2026-06-10T21:40:05-03:00
SBN27.NYB,SBN27,N,Jul,2027,2026-04-10,15.17,15.2,14.88,14.91,4304,USD,cents/lb,yahoo,2026-06-10T21:40:05-03:00
SBN27.NYB,SBN27,N,Jul,2027,2026-04-13,15.04,15.05,14.82,14.87,3138,USD,cents/lb,yahoo,2026-06-10T21:40:05-03:00
SBN27.NYB,SBN27,N,Jul,2027,2026-04-14,14.85,15.07,14.75,15.02,5104,USD,cents/lb,yahoo,2026-06-10T21:40:05-03:00
SBN27.NYB,SBN27,N,Jul,2027,2026-04-15,15.02,15.11,14.73,14.74,2649,USD,cents/lb,yahoo,2026-06-10T21:40:05-03:00
SBN27.NYB,SBN27,N,Jul,2027,2026-04-16,14.83,14.91,14.74,14.84,2019,USD,cents/lb,yahoo,2026-06-10T21:40:05-03:00
SBN27.NYB,SBN27,N,Jul,2027,2026-04-17,14.87,14.87,14.5,14.58,4641,USD,cents/lb,yahoo,2026-06-10T21:40:05-03:00
SBN27.NYB,SBN27,N,Jul,2027,2026-04-20,14.74,14.74,14.51,14.66,1717,USD,cents/lb,yahoo,2026-06-10T21:40:05-03:00
SBN27.NYB,SBN27,N,Jul,2027,2026-04-21,14.59,14.84,14.55,14.79,2381,USD,cents/lb,yahoo,2026-06-10T21:40:05-03:00
SBN27.NYB,SBN27,N,Jul,2027,2026-04-22,14.74,14.95,14.74,14.82,1721,USD,cents/lb,yahoo,2026-06-10T21:40:05-03:00
SBN27.NYB,SBN27,N,Jul,2027,2026-04-23,14.83,14.97,14.77,14.9,1545,USD,cents/lb,yahoo,2026-06-10T21:40:05-03:00
SBN27.NYB,SBN27,N,Jul,2027,2026-04-24,14.9,15.11,14.87,15.04,1498,USD,cents/lb,yahoo,2026-06-10T21:40:05-03:00
SBN27.NYB,SBN27,N,Jul,2027,2026-04-27,15.05,15.24,14.98,14.97,1706,USD,cents/lb,yahoo,2026-06-10T21:40:05-03:00
SBN27.NYB,SBN27,N,Jul,2027,2026-04-28,14.94,15.27,14.94,15.22,2102,USD,cents/lb,yahoo,2026-06-10T21:40:05-03:00
SBN27.NYB,SBN27,N,Jul,2027,2026-04-29,15.25,15.7,15.23,15.67,3764,USD,cents/lb,yahoo,2026-06-10T21:40:05-03:00
SBN27.NYB,SBN27,N,Jul,2027,2026-04-30,15.66,15.76,15.51,15.63,2879,USD,cents/lb,yahoo,2026-06-10T21:40:05-03:00
SBN27.NYB,SBN27,N,Jul,2027,2026-05-01,15.66,16.05,15.48,15.98,7625,USD,cents/lb,yahoo,2026-06-10T21:40:05-03:00
SBN27.NYB,SBN27,N,Jul,2027,2026-05-04,16.02,16.3,15.94,16.27,4697,USD,cents/lb,yahoo,2026-06-10T21:40:05-03:00
SBN27.NYB,SBN27,N,Jul,2027,2026-05-05,16.23,16.44,16.19,16.37,5836,USD,cents/lb,yahoo,2026-06-10T21:40:05-03:00
SBN27.NYB,SBN27,N,Jul,2027,2026-05-06,16.31,16.34,15.62,15.95,6638,USD,cents/lb,yahoo,2026-06-10T21:40:05-03:00
SBN27.NYB,SBN27,N,Jul,2027,2026-05-07,15.94,15.95,15.51,15.64,4122,USD,cents/lb,yahoo,2026-06-10T21:40:05-03:00
SBN27.NYB,SBN27,N,Jul,2027,2026-05-08,15.67,15.79,15.54,15.73,2569,USD,cents/lb,yahoo,2026-06-10T21:40:05-03:00
SBN27.NYB,SBN27,N,Jul,2027,2026-05-11,15.78,16.01,15.66,15.97,1966,USD,cents/lb,yahoo,2026-06-10T21:40:05-03:00
SBN27.NYB,SBN27,N,Jul,2027,2026-05-12,16.03,16.23,15.9,16.08,1798,USD,cents/lb,yahoo,2026-06-10T21:40:05-03:00
SBN27.NYB,SBN27,N,Jul,2027,2026-05-13,16.02,16.34,16.01,16.31,4730,USD,cents/lb,yahoo,2026-06-10T21:40:05-03:00
SBN27.NYB,SBN27,N,Jul,2027,2026-05-14,16.31,16.33,15.96,16.08,4302,USD,cents/lb,yahoo,2026-06-10T21:40:05-03:00
SBN27.NYB,SBN27,N,Jul,2027,2026-05-15,16.08,16.12,15.8,15.94,2913,USD,cents/lb,yahoo,2026-06-10T21:40:05-03:00
SBN27.NYB,SBN27,N,Jul,2027,2026-05-18,15.97,16.04,15.73,15.88,3858,USD,cents/lb,yahoo,2026-06-10T21:40:05-03:00
SBN27.NYB,SBN27,N,Jul,2027,2026-05-19,15.9,16.16,15.83,16.06,3916,USD,cents/lb,yahoo,2026-06-10T21:40:05-03:00
SBN27.NYB,SBN27,N,Jul,2027,2026-05-20,16.14,16.19,15.85,15.88,3379,USD,cents/lb,yahoo,2026-06-10T21:40:05-03:00
SBN27.NYB,SBN27,N,Jul,2027,2026-05-21,15.97,16.13,15.9,16.03,2355,USD,cents/lb,yahoo,2026-06-10T21:40:05-03:00
SBN27.NYB,SBN27,N,Jul,2027,2026-05-22,15.93,16.01,15.72,15.85,1914,USD,cents/lb,yahoo,2026-06-10T21:40:05-03:00
SBN27.NYB,SBN27,N,Jul,2027,2026-05-26,15.8,15.8,15.61,15.69,3954,USD,cents/lb,yahoo,2026-06-10T21:40:05-03:00
SBV27.NYB,SBV27,V,Out,2027,2026-01-26,15.39,15.39,15.3,15.37,132,USD,cents/lb,yahoo,2026-05-26T20:44:37-03:00
SBV27.NYB,SBV27,V,Out,2027,2026-01-27,15.38,15.48,15.37,15.42,358,USD,cents/lb,yahoo,2026-05-26T20:44:37-03:00
SBV27.NYB,SBV27,V,Out,2027,2026-01-28,15.41,15.47,15.35,15.49,315,USD,cents/lb,yahoo,2026-05-26T20:44:37-03:00
SBV27.NYB,SBV27,V,Out,2027,2026-01-29,15.45,15.54,15.41,15.46,705,USD,cents/lb,yahoo,2026-05-26T20:44:37-03:00
SBV27.NYB,SBV27,V,Out,2027,2026-01-30,15.39,15.39,15.0,15.01,672,USD,cents/lb,yahoo,2026-05-26T20:44:37-03:00
SBV27.NYB,SBV27,V,Out,2027,2026-02-02,14.96,15.03,14.85,14.98,240,USD,cents/lb,yahoo,2026-05-26T20:44:37-03:00
SBV27.NYB,SBV27,V,Out,2027,2026-02-03,14.98,15.28,14.98,15.26,233,USD,cents/lb,yahoo,2026-05-26T20:44:37-03:00
SBV27.NYB,SBV27,V,Out,2027,2026-02-04,15.24,15.29,15.09,15.13,72,USD,cents/lb,yahoo,2026-05-26T20:44:37-03:00
SBV27.NYB,SBV27,V,Out,2027,2026-02-05,15.08,15.08,14.93,14.97,151,USD,cents/lb,yahoo,2026-05-26T20:44:37-03:00
SBV27.NYB,SBV27,V,Out,2027,2026-02-06,14.94,14.94,14.82,14.88,267,USD,cents/lb,yahoo,2026-05-26T20:44:37-03:00
SBV27.NYB,SBV27,V,Out,2027,2026-02-09,14.93,15.05,14.9,15.02,450,USD,cents/lb,yahoo,2026-06-09T07:21:23-03:00
SBV27.NYB,SBV27,V,Out,2027,2026-02-10,15.06,15.06,14.76,14.82,328,USD,cents/lb,yahoo,2026-06-10T21:40:05-03:00
SBV27.NYB,SBV27,V,Out,2027,2026-02-11,14.79,14.79,14.67,14.74,1026,USD,cents/lb,yahoo,2026-06-10T21:40:05-03:00
SBV27.NYB,SBV27,V,Out,2027,2026-02-12,14.72,14.74,14.61,14.75,445,USD,cents/lb,yahoo,2026-06-10T21:40:05-03:00
SBV27.NYB,SBV27,V,Out,2027,2026-02-13,14.76,14.8,14.67,14.7,177,USD,cents/lb,yahoo,2026-06-10T21:40:05-03:00
SBV27.NYB,SBV27,V,Out,2027,2026-02-17,14.93,14.93,14.69,14.67,332,USD,cents/lb,yahoo,2026-06-10T21:40:05-03:00
SBV27.NYB,SBV27,V,Out,2027,2026-02-18,14.72,14.81,14.62,14.78,507,USD,cents/lb,yahoo,2026-06-10T21:40:05-03:00
SBV27.NYB,SBV27,V,Out,2027,2026-02-19,14.72,14.78,14.68,14.76,623,USD,cents/lb,yahoo,2026-06-10T21:40:05-03:00
SBV27.NYB,SBV27,V,Out,2027,2026-02-20,14.71,14.91,14.7,14.89,1918,USD,cents/lb,yahoo,2026-06-10T21:40:05-03:00
SBV27.NYB,SBV27,V,Out,2027,2026-02-23,14.86,15.1,14.84,15.05,1722,USD,cents/lb,yahoo,2026-06-10T21:40:05-03:00
SBV27.NYB,SBV27,V,Out,2027,2026-02-24,15.11,15.15,15.03,15.12,1188,USD,cents/lb,yahoo,2026-06-10T21:40:05-03:00
SBV27.NYB,SBV27,V,Out,2027,2026-02-25,15.16,15.16,15.03,15.04,472,USD,cents/lb,yahoo,2026-06-10T21:40:05-03:00
SBV27.NYB,SBV27,V,Out,2027,2026-02-26,15.04,15.18,15.03,15.06,666,USD,cents/lb,yahoo,2026-06-10T21:40:05-03:00
SBV27.NYB,SBV27,V,Out,2027,2026-02-27,15.06,15.06,14.91,14.99,144,USD,cents/lb,yahoo,2026-06-10T21:40:05-03:00
SBV27.NYB,SBV27,V,Out,2027,2026-03-02,15.12,15.23,15.0,15.0,228,USD,cents/lb,yahoo,2026-06-10T21:40:05-03:00
SBV27.NYB,SBV27,V,Out,2027,2026-03-03,15.12,15.19,14.98,15.0,1736,USD,cents/lb,yahoo,2026-06-10T21:40:05-03:00
SBV27.NYB,SBV27,V,Out,2027,2026-03-04,15.11,15.15,14.95,14.99,630,USD,cents/lb,yahoo,2026-06-10T21:40:05-03:00
SBV27.NYB,SBV27,V,Out,2027,2026-03-05,15.0,15.07,14.9,15.04,381,USD,cents/lb,yahoo,2026-06-10T21:40:05-03:00
SBV27.NYB,SBV27,V,Out,2027,2026-03-06,15.03,15.42,15.03,15.34,428,USD,cents/lb,yahoo,2026-06-10T21:40:05-03:00
SBV27.NYB,SBV27,V,Out,2027,2026-03-09,15.45,15.8,15.45,15.77,1077,USD,cents/lb,yahoo,2026-06-10T21:40:05-03:00
SBV27.NYB,SBV27,V,Out,2027,2026-03-10,15.6,15.8,15.46,15.7,395,USD,cents/lb,yahoo,2026-06-10T21:40:05-03:00
SBV27.NYB,SBV27,V,Out,2027,2026-03-11,15.65,15.8,15.6,15.64,221,USD,cents/lb,yahoo,2026-06-10T21:40:05-03:00
SBV27.NYB,SBV27,V,Out,2027,2026-03-12,15.71,15.84,15.65,15.71,1232,USD,cents/lb,yahoo,2026-06-10T21:40:05-03:00
SBV27.NYB,SBV27,V,Out,2027,2026-03-13,15.71,15.78,15.63,15.68,656,USD,cents/lb,yahoo,2026-06-10T21:40:05-03:00
SBV27.NYB,SBV27,V,Out,2027,2026-03-16,15.63,15.68,15.61,15.61,2176,USD,cents/lb,yahoo,2026-06-10T21:40:05-03:00
SBV27.NYB,SBV27,V,Out,2027,2026-03-17,15.64,15.86,15.63,15.85,556,USD,cents/lb,yahoo,2026-06-10T21:40:05-03:00
SBV27.NYB,SBV27,V,Out,2027,2026-03-18,15.82,16.02,15.73,16.01,1490,USD,cents/lb,yahoo,2026-06-10T21:40:05-03:00
SBV27.NYB,SBV27,V,Out,2027,2026-03-19,15.98,16.28,15.46,16.2,3110,USD,cents/lb,yahoo,2026-06-10T21:40:05-03:00
SBV27.NYB,SBV27,V,Out,2027,2026-03-20,16.16,16.52,16.16,16.51,1907,USD,cents/lb,yahoo,2026-06-10T21:40:05-03:00
SBV27.NYB,SBV27,V,Out,2027,2026-03-23,16.46,16.58,16.37,16.39,2734,USD,cents/lb,yahoo,2026-06-10T21:40:05-03:00
SBV27.NYB,SBV27,V,Out,2027,2026-03-24,16.39,16.6,16.36,16.56,2380,USD,cents/lb,yahoo,2026-06-10T21:40:05-03:00
SBV27.NYB,SBV27,V,Out,2027,2026-03-25,16.48,16.48,16.23,16.45,1827,USD,cents/lb,yahoo,2026-06-10T21:40:05-03:00
SBV27.NYB,SBV27,V,Out,2027,2026-03-26,16.5,16.63,16.43,16.54,1628,USD,cents/lb,yahoo,2026-06-10T21:40:05-03:00
SBV27.NYB,SBV27,V,Out,2027,2026-03-27,16.45,16.61,16.45,16.57,1562,USD,cents/lb,yahoo,2026-06-10T21:40:05-03:00
SBV27.NYB,SBV27,V,Out,2027,2026-03-30,16.53,16.81,16.39,16.44,1753,USD,cents/lb,yahoo,2026-06-10T21:40:05-03:00
SBV27.NYB,SBV27,V,Out,2027,2026-03-31,16.44,16.45,16.03,16.33,1914,USD,cents/lb,yahoo,2026-06-10T21:40:05-03:00
SBV27.NYB,SBV27,V,Out,2027,2026-04-01,16.22,16.3,15.87,16.27,1758,USD,cents/lb,yahoo,2026-06-10T21:40:05-03:00
SBV27.NYB,SBV27,V,Out,2027,2026-04-02,16.31,16.44,16.12,16.19,1099,USD,cents/lb,yahoo,2026-06-10T21:40:05-03:00
SBV27.NYB,SBV27,V,Out,2027,2026-04-06,16.15,16.28,16.12,16.25,432,USD,cents/lb,yahoo,2026-06-10T21:40:05-03:00
SBV27.NYB,SBV27,V,Out,2027,2026-04-07,16.33,16.33,15.94,15.95,1114,USD,cents/lb,yahoo,2026-06-10T21:40:05-03:00
SBV27.NYB,SBV27,V,Out,2027,2026-04-08,15.92,15.92,15.68,15.76,1026,USD,cents/lb,yahoo,2026-06-10T21:40:05-03:00
SBV27.NYB,SBV27,V,Out,2027,2026-04-09,15.76,15.76,15.41,15.43,1719,USD,cents/lb,yahoo,2026-06-10T21:40:05-03:00
SBV27.NYB,SBV27,V,Out,2027,2026-04-10,15.41,15.5,15.2,15.21,2056,USD,cents/lb,yahoo,2026-06-10T21:40:05-03:00
SBV27.NYB,SBV27,V,Out,2027,2026-04-13,15.27,15.27,15.13,15.17,876,USD,cents/lb,yahoo,2026-06-10T21:40:05-03:00
SBV27.NYB,SBV27,V,Out,2027,2026-04-14,15.14,15.34,15.05,15.32,2487,USD,cents/lb,yahoo,2026-06-10T21:40:05-03:00
SBV27.NYB,SBV27,V,Out,2027,2026-04-15,15.32,15.33,15.03,15.05,1534,USD,cents/lb,yahoo,2026-06-10T21:40:05-03:00
SBV27.NYB,SBV27,V,Out,2027,2026-04-16,15.13,15.23,15.07,15.15,880,USD,cents/lb,yahoo,2026-06-10T21:40:05-03:00
SBV27.NYB,SBV27,V,Out,2027,2026-04-17,15.14,15.17,14.85,14.92,3385,USD,cents/lb,yahoo,2026-06-10T21:40:05-03:00
SBV27.NYB,SBV27,V,Out,2027,2026-04-20,14.97,15.02,14.84,14.99,590,USD,cents/lb,yahoo,2026-06-10T21:40:05-03:00
SBV27.NYB,SBV27,V,Out,2027,2026-04-21,14.89,15.16,14.88,15.12,1218,USD,cents/lb,yahoo,2026-06-10T21:40:05-03:00
SBV27.NYB,SBV27,V,Out,2027,2026-04-22,15.17,15.24,15.12,15.13,934,USD,cents/lb,yahoo,2026-06-10T21:40:05-03:00
SBV27.NYB,SBV27,V,Out,2027,2026-04-23,15.14,15.27,15.12,15.19,833,USD,cents/lb,yahoo,2026-06-10T21:40:05-03:00
SBV27.NYB,SBV27,V,Out,2027,2026-04-24,15.3,15.4,15.25,15.32,887,USD,cents/lb,yahoo,2026-06-10T21:40:05-03:00
SBV27.NYB,SBV27,V,Out,2027,2026-04-27,15.37,15.5,15.25,15.25,1278,USD,cents/lb,yahoo,2026-06-10T21:40:05-03:00
SBV27.NYB,SBV27,V,Out,2027,2026-04-28,15.35,15.54,15.35,15.51,983,USD,cents/lb,yahoo,2026-06-10T21:40:05-03:00
SBV27.NYB,SBV27,V,Out,2027,2026-04-29,15.51,15.96,15.51,15.94,1611,USD,cents/lb,yahoo,2026-06-10T21:40:05-03:00
SBV27.NYB,SBV27,V,Out,2027,2026-04-30,15.93,16.02,15.8,15.91,1669,USD,cents/lb,yahoo,2026-06-10T21:40:05-03:00
SBV27.NYB,SBV27,V,Out,2027,2026-05-01,15.93,16.28,15.76,16.22,2082,USD,cents/lb,yahoo,2026-06-10T21:40:05-03:00
SBV27.NYB,SBV27,V,Out,2027,2026-05-04,16.23,16.51,16.2,16.48,2549,USD,cents/lb,yahoo,2026-06-10T21:40:05-03:00
SBV27.NYB,SBV27,V,Out,2027,2026-05-05,16.44,16.64,16.43,16.57,3173,USD,cents/lb,yahoo,2026-06-10T21:40:05-03:00
SBV27.NYB,SBV27,V,Out,2027,2026-05-06,16.5,16.54,15.88,16.18,2990,USD,cents/lb,yahoo,2026-06-10T21:40:05-03:00
SBV27.NYB,SBV27,V,Out,2027,2026-05-07,16.15,16.17,15.77,15.89,1911,USD,cents/lb,yahoo,2026-06-10T21:40:05-03:00
SBV27.NYB,SBV27,V,Out,2027,2026-05-08,15.91,16.02,15.79,15.97,1052,USD,cents/lb,yahoo,2026-06-10T21:40:05-03:00
SBV27.NYB,SBV27,V,Out,2027,2026-05-11,16.02,16.24,15.92,16.2,1182,USD,cents/lb,yahoo,2026-06-10T21:40:05-03:00
SBV27.NYB,SBV27,V,Out,2027,2026-05-12,16.25,16.43,16.16,16.31,694,USD,cents/lb,yahoo,2026-06-10T21:40:05-03:00
SBV27.NYB,SBV27,V,Out,2027,2026-05-13,16.25,16.53,16.24,16.51,2960,USD,cents/lb,yahoo,2026-06-10T21:40:05-03:00
SBV27.NYB,SBV27,V,Out,2027,2026-05-14,16.5,16.51,16.19,16.3,1417,USD,cents/lb,yahoo,2026-06-10T21:40:05-03:00
SBV27.NYB,SBV27,V,Out,2027,2026-05-15,16.29,16.3,16.03,16.17,747,USD,cents/lb,yahoo,2026-06-10T21:40:05-03:00
SBV27.NYB,SBV27,V,Out,2027,2026-05-18,16.2,16.27,15.97,16.13,983,USD,cents/lb,yahoo,2026-06-10T21:40:05-03:00
SBV27.NYB,SBV27,V,Out,2027,2026-05-19,16.14,16.41,16.14,16.31,2271,USD,cents/lb,yahoo,2026-06-10T21:40:05-03:00
SBV27.NYB,SBV27,V,Out,2027,2026-05-20,16.39,16.44,16.09,16.13,841,USD,cents/lb,yahoo,2026-06-10T21:40:05-03:00
SBV27.NYB,SBV27,V,Out,2027,2026-05-21,16.21,16.36,16.2,16.27,348,USD,cents/lb,yahoo,2026-06-10T21:40:05-03:00
SBV27.NYB,SBV27,V,Out,2027,2026-05-22,16.16,16.25,15.99,16.1,833,USD,cents/lb,yahoo,2026-06-10T21:40:05-03:00
SBV27.NYB,SBV27,V,Out,2027,2026-05-26,15.99,16.06,15.87,15.95,1488,USD,cents/lb,yahoo,2026-06-10T21:40:05-03:00
SBH28.NYB,SBH28,H,Mar,2028,2026-01-26,15.94,15.95,15.94,15.93,43,USD,cents/lb,yahoo,2026-05-26T20:44:37-03:00
SBH28.NYB,SBH28,H,Mar,2028,2026-01-27,15.95,16.0,15.93,15.97,101,USD,cents/lb,yahoo,2026-05-26T20:44:37-03:00
SBH28.NYB,SBH28,H,Mar,2028,2026-01-28,16.01,16.04,15.99,16.05,126,USD,cents/lb,yahoo,2026-05-26T20:44:37-03:00
SBH28.NYB,SBH28,H,Mar,2028,2026-01-29,16.0,16.12,15.99,16.04,498,USD,cents/lb,yahoo,2026-05-26T20:44:37-03:00
SBH28.NYB,SBH28,H,Mar,2028,2026-01-30,15.93,15.93,15.6,15.62,555,USD,cents/lb,yahoo,2026-05-26T20:44:37-03:00
SBH28.NYB,SBH28,H,Mar,2028,2026-02-02,15.63,15.65,15.47,15.6,203,USD,cents/lb,yahoo,2026-05-26T20:44:37-03:00
SBH28.NYB,SBH28,H,Mar,2028,2026-02-03,15.67,15.84,15.65,15.85,190,USD,cents/lb,yahoo,2026-05-26T20:44:37-03:00
SBH28.NYB,SBH28,H,Mar,2028,2026-02-04,15.87,15.88,15.7,15.72,37,USD,cents/lb,yahoo,2026-05-26T20:44:37-03:00
SBH28.NYB,SBH28,H,Mar,2028,2026-02-05,15.67,15.67,15.52,15.57,113,USD,cents/lb,yahoo,2026-05-26T20:44:37-03:00
SBH28.NYB,SBH28,H,Mar,2028,2026-02-06,15.51,15.51,15.43,15.48,207,USD,cents/lb,yahoo,2026-05-26T20:44:37-03:00
SBH28.NYB,SBH28,H,Mar,2028,2026-02-09,15.56,15.6,15.5,15.61,101,USD,cents/lb,yahoo,2026-06-09T07:21:23-03:00
SBH28.NYB,SBH28,H,Mar,2028,2026-02-10,15.54,15.54,15.36,15.42,186,USD,cents/lb,yahoo,2026-06-10T21:40:05-03:00
SBH28.NYB,SBH28,H,Mar,2028,2026-02-11,15.33,15.4,15.29,15.36,390,USD,cents/lb,yahoo,2026-06-10T21:40:05-03:00
SBH28.NYB,SBH28,H,Mar,2028,2026-02-12,15.32,15.33,15.24,15.37,396,USD,cents/lb,yahoo,2026-06-10T21:40:05-03:00
SBH28.NYB,SBH28,H,Mar,2028,2026-02-13,15.31,15.32,15.31,15.33,108,USD,cents/lb,yahoo,2026-06-10T21:40:05-03:00
SBH28.NYB,SBH28,H,Mar,2028,2026-02-17,15.49,15.54,15.3,15.28,154,USD,cents/lb,yahoo,2026-06-10T21:40:05-03:00
SBH28.NYB,SBH28,H,Mar,2028,2026-02-18,15.43,15.43,15.25,15.38,231,USD,cents/lb,yahoo,2026-06-10T21:40:05-03:00
SBH28.NYB,SBH28,H,Mar,2028,2026-02-19,15.32,15.38,15.31,15.37,135,USD,cents/lb,yahoo,2026-06-10T21:40:05-03:00
SBH28.NYB,SBH28,H,Mar,2028,2026-02-20,15.34,15.5,15.34,15.49,480,USD,cents/lb,yahoo,2026-06-10T21:40:05-03:00
SBH28.NYB,SBH28,H,Mar,2028,2026-02-23,15.44,15.71,15.44,15.65,347,USD,cents/lb,yahoo,2026-06-10T21:40:05-03:00
SBH28.NYB,SBH28,H,Mar,2028,2026-02-24,15.69,15.77,15.64,15.75,465,USD,cents/lb,yahoo,2026-06-10T21:40:05-03:00
SBH28.NYB,SBH28,H,Mar,2028,2026-02-25,15.68,15.68,15.67,15.66,357,USD,cents/lb,yahoo,2026-06-10T21:40:05-03:00
SBH28.NYB,SBH28,H,Mar,2028,2026-02-26,15.63,15.79,15.63,15.68,318,USD,cents/lb,yahoo,2026-06-10T21:40:05-03:00
SBH28.NYB,SBH28,H,Mar,2028,2026-02-27,15.6,15.63,15.55,15.61,54,USD,cents/lb,yahoo,2026-06-10T21:40:05-03:00
SBH28.NYB,SBH28,H,Mar,2028,2026-03-02,15.7,15.85,15.64,15.62,59,USD,cents/lb,yahoo,2026-06-10T21:40:05-03:00
SBH28.NYB,SBH28,H,Mar,2028,2026-03-03,15.77,15.81,15.6,15.62,842,USD,cents/lb,yahoo,2026-06-10T21:40:05-03:00
SBH28.NYB,SBH28,H,Mar,2028,2026-03-04,15.7,15.76,15.61,15.62,351,USD,cents/lb,yahoo,2026-06-10T21:40:05-03:00
SBH28.NYB,SBH28,H,Mar,2028,2026-03-05,15.57,15.71,15.54,15.68,264,USD,cents/lb,yahoo,2026-06-10T21:40:05-03:00
SBH28.NYB,SBH28,H,Mar,2028,2026-03-06,15.71,16.0,15.71,15.96,351,USD,cents/lb,yahoo,2026-06-10T21:40:05-03:00
SBH28.NYB,SBH28,H,Mar,2028,2026-03-09,16.09,16.35,16.09,16.37,345,USD,cents/lb,yahoo,2026-06-10T21:40:05-03:00
SBH28.NYB,SBH28,H,Mar,2028,2026-03-10,16.19,16.24,16.19,16.32,207,USD,cents/lb,yahoo,2026-06-10T21:40:05-03:00
SBH28.NYB,SBH28,H,Mar,2028,2026-03-11,16.32,16.32,16.23,16.26,112,USD,cents/lb,yahoo,2026-06-10T21:40:05-03:00
SBH28.NYB,SBH28,H,Mar,2028,2026-03-12,16.33,16.47,16.28,16.33,727,USD,cents/lb,yahoo,2026-06-10T21:40:05-03:00
SBH28.NYB,SBH28,H,Mar,2028,2026-03-13,16.33,16.39,16.31,16.29,135,USD,cents/lb,yahoo,2026-06-10T21:40:05-03:00
SBH28.NYB,SBH28,H,Mar,2028,2026-03-16,16.28,16.28,16.26,16.22,278,USD,cents/lb,yahoo,2026-06-10T21:40:05-03:00
SBH28.NYB,SBH28,H,Mar,2028,2026-03-17,16.24,16.46,16.23,16.46,211,USD,cents/lb,yahoo,2026-06-10T21:40:05-03:00
SBH28.NYB,SBH28,H,Mar,2028,2026-03-18,16.46,16.61,16.42,16.59,500,USD,cents/lb,yahoo,2026-06-10T21:40:05-03:00
SBH28.NYB,SBH28,H,Mar,2028,2026-03-19,16.6,16.8,16.6,16.74,1008,USD,cents/lb,yahoo,2026-06-10T21:40:05-03:00
SBH28.NYB,SBH28,H,Mar,2028,2026-03-20,16.7,17.01,16.7,17.01,1108,USD,cents/lb,yahoo,2026-06-10T21:40:05-03:00
SBH28.NYB,SBH28,H,Mar,2028,2026-03-23,17.01,17.1,16.91,16.93,1355,USD,cents/lb,yahoo,2026-06-10T21:40:05-03:00
SBH28.NYB,SBH28,H,Mar,2028,2026-03-24,16.9,17.1,16.9,17.07,834,USD,cents/lb,yahoo,2026-06-10T21:40:05-03:00
SBH28.NYB,SBH28,H,Mar,2028,2026-03-25,16.96,17.0,16.77,16.98,1377,USD,cents/lb,yahoo,2026-06-10T21:40:05-03:00
SBH28.NYB,SBH28,H,Mar,2028,2026-03-26,17.11,17.11,16.94,17.02,1000,USD,cents/lb,yahoo,2026-06-10T21:40:05-03:00
SBH28.NYB,SBH28,H,Mar,2028,2026-03-27,17.01,17.06,16.99,17.05,380,USD,cents/lb,yahoo,2026-06-10T21:40:05-03:00
SBH28.NYB,SBH28,H,Mar,2028,2026-03-30,17.05,17.24,16.87,16.91,427,USD,cents/lb,yahoo,2026-06-10T21:40:05-03:00
SBH28.NYB,SBH28,H,Mar,2028,2026-03-31,16.9,16.95,16.51,16.82,550,USD,cents/lb,yahoo,2026-06-10T21:40:05-03:00
SBH28.NYB,SBH28,H,Mar,2028,2026-04-01,16.66,16.8,16.37,16.78,315,USD,cents/lb,yahoo,2026-06-10T21:40:05-03:00
SBH28.NYB,SBH28,H,Mar,2028,2026-04-02,16.91,16.91,16.77,16.74,329,USD,cents/lb,yahoo,2026-06-10T21:40:05-03:00
SBH28.NYB,SBH28,H,Mar,2028,2026-04-06,16.82,16.83,16.77,16.82,419,USD,cents/lb,yahoo,2026-06-10T21:40:05-03:00
SBH28.NYB,SBH28,H,Mar,2028,2026-04-07,16.83,16.89,16.53,16.54,587,USD,cents/lb,yahoo,2026-06-10T21:40:05-03:00
SBH28.NYB,SBH28,H,Mar,2028,2026-04-08,16.44,16.44,16.29,16.36,443,USD,cents/lb,yahoo,2026-06-10T21:40:05-03:00
SBH28.NYB,SBH28,H,Mar,2028,2026-04-09,16.36,16.36,16.05,16.07,1248,USD,cents/lb,yahoo,2026-06-10T21:40:05-03:00
SBH28.NYB,SBH28,H,Mar,2028,2026-04-10,16.02,16.02,15.84,15.85,781,USD,cents/lb,yahoo,2026-06-10T21:40:05-03:00
SBH28.NYB,SBH28,H,Mar,2028,2026-04-13,15.87,15.9,15.78,15.81,626,USD,cents/lb,yahoo,2026-06-10T21:40:05-03:00
SBH28.NYB,SBH28,H,Mar,2028,2026-04-14,15.78,15.78,15.7,15.95,283,USD,cents/lb,yahoo,2026-06-10T21:40:05-03:00
SBH28.NYB,SBH28,H,Mar,2028,2026-04-15,15.81,15.81,15.69,15.71,1182,USD,cents/lb,yahoo,2026-06-10T21:40:05-03:00
SBH28.NYB,SBH28,H,Mar,2028,2026-04-16,15.78,15.84,15.7,15.8,284,USD,cents/lb,yahoo,2026-06-10T21:40:05-03:00
SBH28.NYB,SBH28,H,Mar,2028,2026-04-17,15.79,15.79,15.54,15.6,2162,USD,cents/lb,yahoo,2026-06-10T21:40:05-03:00
SBH28.NYB,SBH28,H,Mar,2028,2026-04-20,15.6,15.7,15.53,15.66,396,USD,cents/lb,yahoo,2026-06-10T21:40:05-03:00
SBH28.NYB,SBH28,H,Mar,2028,2026-04-21,15.57,15.78,15.56,15.78,673,USD,cents/lb,yahoo,2026-06-10T21:40:05-03:00
SBH28.NYB,SBH28,H,Mar,2028,2026-04-22,15.86,15.9,15.85,15.78,590,USD,cents/lb,yahoo,2026-06-10T21:40:05-03:00
SBH28.NYB,SBH28,H,Mar,2028,2026-04-23,15.85,15.85,15.85,15.83,353,USD,cents/lb,yahoo,2026-06-10T21:40:05-03:00
SBH28.NYB,SBH28,H,Mar,2028,2026-04-24,15.88,16.02,15.88,15.95,464,USD,cents/lb,yahoo,2026-06-10T21:40:05-03:00
SBH28.NYB,SBH28,H,Mar,2028,2026-04-27,16.02,16.02,15.88,15.89,527,USD,cents/lb,yahoo,2026-06-10T21:40:05-03:00
SBH28.NYB,SBH28,H,Mar,2028,2026-04-28,16.06,16.15,16.06,16.15,523,USD,cents/lb,yahoo,2026-06-10T21:40:05-03:00
SBH28.NYB,SBH28,H,Mar,2028,2026-04-29,16.24,16.57,16.24,16.55,1582,USD,cents/lb,yahoo,2026-06-10T21:40:05-03:00
SBH28.NYB,SBH28,H,Mar,2028,2026-04-30,16.55,16.6,16.45,16.53,1584,USD,cents/lb,yahoo,2026-06-10T21:40:05-03:00
SBH28.NYB,SBH28,H,Mar,2028,2026-05-01,16.55,16.88,16.38,16.82,521,USD,cents/lb,yahoo,2026-06-10T21:40:05-03:00
SBH28.NYB,SBH28,H,Mar,2028,2026-05-04,16.84,17.05,16.84,17.05,669,USD,cents/lb,yahoo,2026-06-10T21:40:05-03:00
SBH28.NYB,SBH28,H,Mar,2028,2026-05-05,17.05,17.19,17.05,17.13,1005,USD,cents/lb,yahoo,2026-06-10T21:40:05-03:00
SBH28.NYB,SBH28,H,Mar,2028,2026-05-06,17.06,17.06,16.56,16.79,1397,USD,cents/lb,yahoo,2026-06-10T21:40:05-03:00
SBH28.NYB,SBH28,H,Mar,2028,2026-05-07,16.71,16.71,16.38,16.51,572,USD,cents/lb,yahoo,2026-06-10T21:40:05-03:00
SBH28.NYB,SBH28,H,Mar,2028,2026-05-08,16.56,16.62,16.42,16.57,205,USD,cents/lb,yahoo,2026-06-10T21:40:05-03:00
SBH28.NYB,SBH28,H,Mar,2028,2026-05-11,16.7,16.81,16.65,16.79,297,USD,cents/lb,yahoo,2026-06-10T21:40:05-03:00
SBH28.NYB,SBH28,H,Mar,2028,2026-05-12,16.96,16.96,16.77,16.9,222,USD,cents/lb,yahoo,2026-06-10T21:40:05-03:00
SBH28.NYB,SBH28,H,Mar,2028,2026-05-13,16.88,17.11,16.88,17.08,567,USD,cents/lb,yahoo,2026-06-10T21:40:05-03:00
SBH28.NYB,SBH28,H,Mar,2028,2026-05-14,17.04,17.04,16.79,16.89,691,USD,cents/lb,yahoo,2026-06-10T21:40:05-03:00
SBH28.NYB,SBH28,H,Mar,2028,2026-05-15,16.8,16.88,16.63,16.78,303,USD,cents/lb,yahoo,2026-06-10T21:40:05-03:00
SBH28.NYB,SBH28,H,Mar,2028,2026-05-18,16.8,16.85,16.59,16.74,242,USD,cents/lb,yahoo,2026-06-10T21:40:05-03:00
SBH28.NYB,SBH28,H,Mar,2028,2026-05-19,16.79,17.01,16.79,16.92,439,USD,cents/lb,yahoo,2026-06-10T21:40:05-03:00
SBH28.NYB,SBH28,H,Mar,2028,2026-05-20,16.99,17.03,16.7,16.75,298,USD,cents/lb,yahoo,2026-06-10T21:40:05-03:00
SBH28.NYB,SBH28,H,Mar,2028,2026-05-21,16.88,16.98,16.84,16.89,71,USD,cents/lb,yahoo,2026-06-10T21:40:05-03:00
SBH28.NYB,SBH28,H,Mar,2028,2026-05-22,16.85,16.85,16.62,16.7,502,USD,cents/lb,yahoo,2026-06-10T21:40:05-03:00
SBH28.NYB,SBH28,H,Mar,2028,2026-05-26,16.59,16.65,16.53,16.59,832,USD,cents/lb,yahoo,2026-06-10T21:40:05-03:00
SB=F,SB=F,,Continuous,0,2026-01-26,14.75,14.87,14.67,14.79,62401,USD,cents/lb,yahoo,2026-05-26T20:44:37-03:00
SB=F,SB=F,,Continuous,0,2026-01-27,14.76,15.01,14.74,14.83,72639,USD,cents/lb,yahoo,2026-05-26T20:44:37-03:00
SB=F,SB=F,,Continuous,0,2026-01-28,14.84,14.87,14.67,14.71,59188,USD,cents/lb,yahoo,2026-05-26T20:44:37-03:00
SB=F,SB=F,,Continuous,0,2026-01-29,14.71,14.81,14.61,14.7,73672,USD,cents/lb,yahoo,2026-05-26T20:44:37-03:00
SB=F,SB=F,,Continuous,0,2026-01-30,14.7,14.71,14.15,14.27,118342,USD,cents/lb,yahoo,2026-05-26T20:44:37-03:00
SB=F,SB=F,,Continuous,0,2026-02-02,14.23,14.35,14.13,14.26,96021,USD,cents/lb,yahoo,2026-05-26T20:44:37-03:00
SB=F,SB=F,,Continuous,0,2026-02-03,14.26,14.7,14.21,14.63,102353,USD,cents/lb,yahoo,2026-05-26T20:44:37-03:00
SB=F,SB=F,,Continuous,0,2026-02-04,14.61,14.67,14.4,14.44,82967,USD,cents/lb,yahoo,2026-05-26T20:44:37-03:00
SB=F,SB=F,,Continuous,0,2026-02-05,14.42,14.44,14.2,14.27,92619,USD,cents/lb,yahoo,2026-05-26T20:44:37-03:00
SB=F,SB=F,,Continuous,0,2026-02-06,14.24,14.3,14.07,14.11,131425,USD,cents/lb,yahoo,2026-05-26T20:44:37-03:00
SB=F,SB=F,,Continuous,0,2026-02-09,14.19,14.53,14.15,14.35,198541,USD,cents/lb,yahoo,2026-06-09T07:21:23-03:00
SB=F,SB=F,,Continuous,0,2026-02-10,14.26,14.34,14.08,14.12,154446,USD,cents/lb,yahoo,2026-06-10T21:40:05-03:00
SB=F,SB=F,,Continuous,0,2026-02-11,14.1,14.12,13.82,13.84,144218,USD,cents/lb,yahoo,2026-06-10T21:40:05-03:00
SB=F,SB=F,,Continuous,0,2026-02-12,13.83,13.92,13.67,13.75,124198,USD,cents/lb,yahoo,2026-06-10T21:40:05-03:00
SB=F,SB=F,,Continuous,0,2026-02-13,13.75,13.87,13.73,13.78,69612,USD,cents/lb,yahoo,2026-06-10T21:40:05-03:00
SB=F,SB=F,,Continuous,0,2026-02-17,14.02,14.17,13.83,13.86,78583,USD,cents/lb,yahoo,2026-06-10T21:40:05-03:00
SB=F,SB=F,,Continuous,0,2026-02-18,13.85,14.19,13.85,14.17,57694,USD,cents/lb,yahoo,2026-06-10T21:40:05-03:00
SB=F,SB=F,,Continuous,0,2026-02-19,14.12,14.23,14.0,14.07,47280,USD,cents/lb,yahoo,2026-06-10T21:40:05-03:00
SB=F,SB=F,,Continuous,0,2026-02-20,14.06,14.46,13.98,14.3,53798,USD,cents/lb,yahoo,2026-06-10T21:40:05-03:00
SB=F,SB=F,,Continuous,0,2026-02-23,14.32,14.55,14.23,14.45,50109,USD,cents/lb,yahoo,2026-06-10T21:40:05-03:00
SB=F,SB=F,,Continuous,0,2026-02-24,14.43,14.64,14.4,14.55,47578,USD,cents/lb,yahoo,2026-06-10T21:40:05-03:00
SB=F,SB=F,,Continuous,0,2026-02-25,14.5,14.6,14.45,14.59,35210,USD,cents/lb,yahoo,2026-06-10T21:40:05-03:00
SB=F,SB=F,,Continuous,0,2026-02-26,14.55,14.73,14.35,14.41,21306,USD,cents/lb,yahoo,2026-06-10T21:40:05-03:00
SB=F,SB=F,,Continuous,0,2026-02-27,14.41,14.46,14.29,14.3,58287,USD,cents/lb,yahoo,2026-06-10T21:40:05-03:00
SB=F,SB=F,,Continuous,0,2026-03-02,14.15,14.29,13.88,13.91,90526,USD,cents/lb,yahoo,2026-06-10T21:40:05-03:00
SB=F,SB=F,,Continuous,0,2026-03-03,13.99,14.2,13.91,13.93,66708,USD,cents/lb,yahoo,2026-06-10T21:40:05-03:00
SB=F,SB=F,,Continuous,0,2026-03-04,13.97,14.07,13.7,13.73,90013,USD,cents/lb,yahoo,2026-06-10T21:40:05-03:00
SB=F,SB=F,,Continuous,0,2026-03-05,13.74,13.82,13.61,13.72,73461,USD,cents/lb,yahoo,2026-06-10T21:40:05-03:00
SB=F,SB=F,,Continuous,0,2026-03-06,13.74,14.17,13.69,14.1,97386,USD,cents/lb,yahoo,2026-06-10T21:40:05-03:00
SB=F,SB=F,,Continuous,0,2026-03-09,14.26,14.64,14.25,14.59,165497,USD,cents/lb,yahoo,2026-06-10T21:40:05-03:00
SB=F,SB=F,,Continuous,0,2026-03-10,14.3,14.57,14.17,14.38,105847,USD,cents/lb,yahoo,2026-06-10T21:40:05-03:00
SB=F,SB=F,,Continuous,0,2026-03-11,14.37,14.53,14.18,14.25,74071,USD,cents/lb,yahoo,2026-06-10T21:40:05-03:00
SB=F,SB=F,,Continuous,0,2026-03-12,14.35,14.49,14.12,14.38,93275,USD,cents/lb,yahoo,2026-06-10T21:40:05-03:00
SB=F,SB=F,,Continuous,0,2026-03-13,14.4,14.53,14.3,14.37,59593,USD,cents/lb,yahoo,2026-06-10T21:40:05-03:00
SB=F,SB=F,,Continuous,0,2026-03-16,14.41,14.44,14.15,14.19,58213,USD,cents/lb,yahoo,2026-06-10T21:40:05-03:00
SB=F,SB=F,,Continuous,0,2026-03-17,14.21,14.51,14.19,14.45,74666,USD,cents/lb,yahoo,2026-06-10T21:40:05-03:00
SB=F,SB=F,,Continuous,0,2026-03-18,14.39,14.84,14.35,14.8,115340,USD,cents/lb,yahoo,2026-06-10T21:40:05-03:00
SB=F,SB=F,,Continuous,0,2026-03-19,14.8,15.49,14.76,15.37,172542,USD,cents/lb,yahoo,2026-06-10T21:40:05-03:00
SB=F,SB=F,,Continuous,0,2026-03-20,15.33,15.72,15.27,15.7,129367,USD,cents/lb,yahoo,2026-06-10T21:40:05-03:00
SB=F,SB=F,,Continuous,0,2026-03-23,15.73,15.75,15.38,15.52,122777,USD,cents/lb,yahoo,2026-06-10T21:40:05-03:00
SB=F,SB=F,,Continuous,0,2026-03-24,15.5,15.91,15.4,15.88,79935,USD,cents/lb,yahoo,2026-06-10T21:40:05-03:00
SB=F,SB=F,,Continuous,0,2026-03-25,15.8,15.83,15.32,15.55,94542,USD,cents/lb,yahoo,2026-06-10T21:40:05-03:00
SB=F,SB=F,,Continuous,0,2026-03-26,15.73,15.97,15.53,15.87,91708,USD,cents/lb,yahoo,2026-06-10T21:40:05-03:00
SB=F,SB=F,,Continuous,0,2026-03-27,15.84,15.93,15.66,15.76,71763,USD,cents/lb,yahoo,2026-06-10T21:40:05-03:00
SB=F,SB=F,,Continuous,0,2026-03-30,15.79,16.1,15.52,15.55,81128,USD,cents/lb,yahoo,2026-06-10T21:40:05-03:00
SB=F,SB=F,,Continuous,0,2026-03-31,15.56,15.74,15.12,15.52,82618,USD,cents/lb,yahoo,2026-06-10T21:40:05-03:00
SB=F,SB=F,,Continuous,0,2026-04-01,15.44,15.44,15.05,15.29,83403,USD,cents/lb,yahoo,2026-06-10T21:40:05-03:00
SB=F,SB=F,,Continuous,0,2026-04-02,15.46,15.5,14.91,15.0,75580,USD,cents/lb,yahoo,2026-06-10T21:40:05-03:00
SB=F,SB=F,,Continuous,0,2026-04-06,14.92,15.15,14.84,14.97,39386,USD,cents/lb,yahoo,2026-06-10T21:40:05-03:00
SB=F,SB=F,,Continuous,0,2026-04-07,15.04,15.07,14.57,14.58,92252,USD,cents/lb,yahoo,2026-06-10T21:40:05-03:00
SB=F,SB=F,,Continuous,0,2026-04-08,14.43,14.51,14.19,14.23,156592,USD,cents/lb,yahoo,2026-06-10T21:40:05-03:00
SB=F,SB=F,,Continuous,0,2026-04-09,14.25,14.3,13.9,13.92,153556,USD,cents/lb,yahoo,2026-06-10T21:40:05-03:00
SB=F,SB=F,,Continuous,0,2026-04-10,13.98,14.06,13.71,13.75,155172,USD,cents/lb,yahoo,2026-06-10T21:40:05-03:00
SB=F,SB=F,,Continuous,0,2026-04-13,13.88,13.97,13.63,13.68,140217,USD,cents/lb,yahoo,2026-06-10T21:40:05-03:00
SB=F,SB=F,,Continuous,0,2026-04-14,13.63,13.95,13.56,13.88,130923,USD,cents/lb,yahoo,2026-06-10T21:40:05-03:00
SB=F,SB=F,,Continuous,0,2026-04-15,13.92,14.03,13.48,13.51,59469,USD,cents/lb,yahoo,2026-06-10T21:40:05-03:00
SB=F,SB=F,,Continuous,0,2026-04-16,13.58,13.77,13.55,13.66,52879,USD,cents/lb,yahoo,2026-06-10T21:40:05-03:00
SB=F,SB=F,,Continuous,0,2026-04-17,13.7,13.74,13.22,13.31,29921,USD,cents/lb,yahoo,2026-06-10T21:40:05-03:00
SB=F,SB=F,,Continuous,0,2026-04-20,13.45,13.54,13.25,13.47,31558,USD,cents/lb,yahoo,2026-06-10T21:40:05-03:00
SB=F,SB=F,,Continuous,0,2026-04-21,13.43,13.59,13.33,13.43,39514,USD,cents/lb,yahoo,2026-06-10T21:40:05-03:00
SB=F,SB=F,,Continuous,0,2026-04-22,13.4,13.66,13.35,13.57,39393,USD,cents/lb,yahoo,2026-06-10T21:40:05-03:00
SB=F,SB=F,,Continuous,0,2026-04-23,13.56,13.73,13.49,13.6,32865,USD,cents/lb,yahoo,2026-06-10T21:40:05-03:00
SB=F,SB=F,,Continuous,0,2026-04-24,13.6,13.96,13.6,13.93,28450,USD,cents/lb,yahoo,2026-06-10T21:40:05-03:00
SB=F,SB=F,,Continuous,0,2026-04-27,13.96,14.15,13.81,13.83,35562,USD,cents/lb,yahoo,2026-06-10T21:40:05-03:00
SB=F,SB=F,,Continuous,0,2026-04-28,13.83,14.16,13.83,14.11,29634,USD,cents/lb,yahoo,2026-06-10T21:40:05-03:00
SB=F,SB=F,,Continuous,0,2026-04-29,14.14,14.75,14.14,14.68,19656,USD,cents/lb,yahoo,2026-06-10T21:40:05-03:00
SB=F,SB=F,,Continuous,0,2026-04-30,14.74,14.77,14.47,14.58,103437,USD,cents/lb,yahoo,2026-06-10T21:40:05-03:00
SB=F,SB=F,,Continuous,0,2026-05-01,14.64,15.01,14.42,14.95,104632,USD,cents/lb,yahoo,2026-06-10T21:40:05-03:00
SB=F,SB=F,,Continuous,0,2026-05-04,14.98,15.33,14.85,15.29,94189,USD,cents/lb,yahoo,2026-06-10T21:40:05-03:00
SB=F,SB=F,,Continuous,0,2026-05-05,15.27,15.49,15.21,15.37,109285,USD,cents/lb,yahoo,2026-06-10T21:40:05-03:00
SB=F,SB=F,,Continuous,0,2026-05-06,15.28,15.35,14.45,14.81,148332,USD,cents/lb,yahoo,2026-06-10T21:40:05-03:00
SB=F,SB=F,,Continuous,0,2026-05-07,14.79,14.82,14.38,14.54,91843,USD,cents/lb,yahoo,2026-06-10T21:40:05-03:00
SB=F,SB=F,,Continuous,0,2026-05-08,14.58,14.75,14.46,14.69,61209,USD,cents/lb,yahoo,2026-06-10T21:40:05-03:00
SB=F,SB=F,,Continuous,0,2026-05-11,14.77,14.99,14.6,14.91,63035,USD,cents/lb,yahoo,2026-06-10T21:40:05-03:00
SB=F,SB=F,,Continuous,0,2026-05-12,14.99,15.22,14.81,15.01,84734,USD,cents/lb,yahoo,2026-06-10T21:40:05-03:00
SB=F,SB=F,,Continuous,0,2026-05-13,14.95,15.41,14.95,15.38,84192,USD,cents/lb,yahoo,2026-06-10T21:40:05-03:00
SB=F,SB=F,,Continuous,0,2026-05-14,15.41,15.42,14.92,14.99,69710,USD,cents/lb,yahoo,2026-06-10T21:40:05-03:00
SB=F,SB=F,,Continuous,0,2026-05-15,14.99,15.07,14.67,14.8,49091,USD,cents/lb,yahoo,2026-06-10T21:40:05-03:00
SB=F,SB=F,,Continuous,0,2026-05-18,14.84,14.95,14.57,14.73,48212,USD,cents/lb,yahoo,2026-06-10T21:40:05-03:00
SB=F,SB=F,,Continuous,0,2026-05-19,14.76,15.13,14.69,15.01,64935,USD,cents/lb,yahoo,2026-06-10T21:40:05-03:00
SB=F,SB=F,,Continuous,0,2026-05-20,15.07,15.15,14.67,14.73,61726,USD,cents/lb,yahoo,2026-06-10T21:40:05-03:00
SB=F,SB=F,,Continuous,0,2026-05-21,14.88,15.05,14.78,14.9,52802,USD,cents/lb,yahoo,2026-06-10T21:40:05-03:00
SB=F,SB=F,,Continuous,0,2026-05-22,14.81,14.91,14.59,14.7,41558,USD,cents/lb,yahoo,2026-06-10T21:40:05-03:00
SB=F,SB=F,,Continuous,0,2026-05-26,14.58,14.65,14.44,14.54,53497,USD,cents/lb,yahoo,2026-06-10T21:40:05-03:00
SBN26.NYB,SBN26,N,Jul,2026,2026-05-27,14.47,14.49,14.13,14.14,96713,USD,cents/lb,yahoo,2026-06-10T21:40:05-03:00
SBN26.NYB,SBN26,N,Jul,2026,2026-05-28,14.16,14.21,13.86,13.93,78371,USD,cents/lb,yahoo,2026-06-10T21:40:05-03:00
SBN26.NYB,SBN26,N,Jul,2026,2026-05-29,13.94,14.35,13.9,14.06,74188,USD,cents/lb,yahoo,2026-06-10T21:40:05-03:00
SBN26.NYB,SBN26,N,Jul,2026,2026-06-01,14.16,14.58,14.14,14.45,81583,USD,cents/lb,yahoo,2026-06-10T21:40:05-03:00
SBN26.NYB,SBN26,N,Jul,2026,2026-06-02,14.4,14.47,14.25,14.38,72335,USD,cents/lb,yahoo,2026-06-10T21:40:05-03:00
SBN26.NYB,SBN26,N,Jul,2026,2026-06-03,14.42,14.64,14.21,14.24,86599,USD,cents/lb,yahoo,2026-06-10T21:40:05-03:00
SBN26.NYB,SBN26,N,Jul,2026,2026-06-04,14.22,14.45,14.14,14.27,80222,USD,cents/lb,yahoo,2026-06-10T21:40:05-03:00
SBN26.NYB,SBN26,N,Jul,2026,2026-06-05,14.26,14.5,14.09,14.14,117940,USD,cents/lb,yahoo,2026-06-10T21:40:05-03:00
SBN26.NYB,SBN26,N,Jul,2026,2026-06-08,14.24,14.36,14.11,14.12,162560,USD,cents/lb,yahoo,2026-06-10T21:40:05-03:00
SBN26.NYB,SBN26,N,Jul,2026,2026-06-09,14.15,14.23,13.97,14.08,162560,USD,cents/lb,yahoo,2026-06-10T21:40:05-03:00
SBV26.NYB,SBV26,V,Out,2026,2026-05-27,14.95,14.95,14.58,14.6,47925,USD,cents/lb,yahoo,2026-06-10T21:40:05-03:00
SBV26.NYB,SBV26,V,Out,2026,2026-05-28,14.65,14.66,14.33,14.41,41332,USD,cents/lb,yahoo,2026-06-10T21:40:05-03:00
SBV26.NYB,SBV26,V,Out,2026,2026-05-29,14.41,14.82,14.38,14.54,41787,USD,cents/lb,yahoo,2026-06-10T21:40:05-03:00
SBV26.NYB,SBV26,V,Out,2026,2026-06-01,14.65,15.07,14.62,14.94,42656,USD,cents/lb,yahoo,2026-06-10T21:40:05-03:00
SBV26.NYB,SBV26,V,Out,2026,2026-06-02,14.9,14.97,14.75,14.9,46342,USD,cents/lb,yahoo,2026-06-10T21:40:05-03:00
SBV26.NYB,SBV26,V,Out,2026,2026-06-03,14.92,15.14,14.71,14.75,55079,USD,cents/lb,yahoo,2026-06-10T21:40:05-03:00
SBV26.NYB,SBV26,V,Out,2026,2026-06-04,14.74,14.93,14.62,14.73,61427,USD,cents/lb,yahoo,2026-06-10T21:40:05-03:00
SBV26.NYB,SBV26,V,Out,2026,2026-06-05,14.71,14.94,14.59,14.63,94820,USD,cents/lb,yahoo,2026-06-10T21:40:05-03:00
SBV26.NYB,SBV26,V,Out,2026,2026-06-08,14.71,14.82,14.58,14.61,146996,USD,cents/lb,yahoo,2026-06-10T21:40:05-03:00
SBV26.NYB,SBV26,V,Out,2026,2026-06-09,14.64,14.67,14.42,14.52,146996,USD,cents/lb,yahoo,2026-06-10T21:40:05-03:00
SBH27.NYB,SBH27,H,Mar,2027,2026-05-27,15.85,15.85,15.44,15.47,24681,USD,cents/lb,yahoo,2026-06-10T21:40:05-03:00
SBH27.NYB,SBH27,H,Mar,2027,2026-05-28,15.5,15.53,15.2,15.28,18897,USD,cents/lb,yahoo,2026-06-10T21:40:05-03:00
SBH27.NYB,SBH27,H,Mar,2027,2026-05-29,15.26,15.67,15.26,15.4,15252,USD,cents/lb,yahoo,2026-06-10T21:40:05-03:00
SBH27.NYB,SBH27,H,Mar,2027,2026-06-01,15.5,15.93,15.49,15.82,20764,USD,cents/lb,yahoo,2026-06-10T21:40:05-03:00
SBH27.NYB,SBH27,H,Mar,2027,2026-06-02,15.77,15.82,15.63,15.79,20495,USD,cents/lb,yahoo,2026-06-10T21:40:05-03:00
SBH27.NYB,SBH27,H,Mar,2027,2026-06-03,15.82,16.03,15.62,15.66,19658,USD,cents/lb,yahoo,2026-06-10T21:40:05-03:00
SBH27.NYB,SBH27,H,Mar,2027,2026-06-04,15.65,15.82,15.52,15.62,19931,USD,cents/lb,yahoo,2026-06-10T21:40:05-03:00
SBH27.NYB,SBH27,H,Mar,2027,2026-06-05,15.61,15.81,15.49,15.53,23903,USD,cents/lb,yahoo,2026-06-10T21:40:05-03:00
SBH27.NYB,SBH27,H,Mar,2027,2026-06-08,15.63,15.71,15.48,15.51,25760,USD,cents/lb,yahoo,2026-06-10T21:40:05-03:00
SBH27.NYB,SBH27,H,Mar,2027,2026-06-09,15.53,15.55,15.32,15.42,25760,USD,cents/lb,yahoo,2026-06-10T21:40:05-03:00
SBK27.NYB,SBK27,K,Mai,2027,2026-05-27,15.62,15.62,15.24,15.28,6363,USD,cents/lb,yahoo,2026-06-10T21:40:05-03:00
SBK27.NYB,SBK27,K,Mai,2027,2026-05-28,15.3,15.34,15.04,15.11,6750,USD,cents/lb,yahoo,2026-06-10T21:40:05-03:00
SBK27.NYB,SBK27,K,Mai,2027,2026-05-29,15.06,15.47,15.06,15.22,7171,USD,cents/lb,yahoo,2026-06-10T21:40:05-03:00
SBK27.NYB,SBK27,K,Mai,2027,2026-06-01,15.34,15.73,15.3,15.62,6822,USD,cents/lb,yahoo,2026-06-10T21:40:05-03:00
SBK27.NYB,SBK27,K,Mai,2027,2026-06-02,15.62,15.63,15.46,15.61,8730,USD,cents/lb,yahoo,2026-06-10T21:40:05-03:00
SBK27.NYB,SBK27,K,Mai,2027,2026-06-03,15.71,15.83,15.46,15.5,5659,USD,cents/lb,yahoo,2026-06-10T21:40:05-03:00
SBK27.NYB,SBK27,K,Mai,2027,2026-06-04,15.47,15.64,15.36,15.47,6937,USD,cents/lb,yahoo,2026-06-10T21:40:05-03:00
SBK27.NYB,SBK27,K,Mai,2027,2026-06-05,15.45,15.64,15.34,15.38,7452,USD,cents/lb,yahoo,2026-06-10T21:40:05-03:00
SBK27.NYB,SBK27,K,Mai,2027,2026-06-08,15.48,15.54,15.31,15.35,9162,USD,cents/lb,yahoo,2026-06-10T21:40:05-03:00
SBK27.NYB,SBK27,K,Mai,2027,2026-06-09,15.4,15.4,15.15,15.24,9162,USD,cents/lb,yahoo,2026-06-10T21:40:05-03:00
SBN27.NYB,SBN27,N,Jul,2027,2026-05-27,15.64,15.64,15.26,15.3,6152,USD,cents/lb,yahoo,2026-06-10T21:40:05-03:00
SBN27.NYB,SBN27,N,Jul,2027,2026-05-28,15.34,15.36,15.06,15.14,5281,USD,cents/lb,yahoo,2026-06-10T21:40:05-03:00
SBN27.NYB,SBN27,N,Jul,2027,2026-05-29,15.15,15.5,15.12,15.24,5569,USD,cents/lb,yahoo,2026-06-10T21:40:05-03:00
SBN27.NYB,SBN27,N,Jul,2027,2026-06-01,15.34,15.74,15.32,15.63,5979,USD,cents/lb,yahoo,2026-06-10T21:40:05-03:00
SBN27.NYB,SBN27,N,Jul,2027,2026-06-02,15.63,15.65,15.49,15.64,7745,USD,cents/lb,yahoo,2026-06-10T21:40:05-03:00
SBN27.NYB,SBN27,N,Jul,2027,2026-06-03,15.7,15.85,15.5,15.54,7932,USD,cents/lb,yahoo,2026-06-10T21:40:05-03:00
SBN27.NYB,SBN27,N,Jul,2027,2026-06-04,15.51,15.68,15.4,15.52,6427,USD,cents/lb,yahoo,2026-06-10T21:40:05-03:00
SBN27.NYB,SBN27,N,Jul,2027,2026-06-05,15.5,15.69,15.37,15.41,6996,USD,cents/lb,yahoo,2026-06-10T21:40:05-03:00
SBN27.NYB,SBN27,N,Jul,2027,2026-06-08,15.51,15.58,15.35,15.39,6565,USD,cents/lb,yahoo,2026-06-10T21:40:05-03:00
SBN27.NYB,SBN27,N,Jul,2027,2026-06-09,15.42,15.42,15.19,15.27,6565,USD,cents/lb,yahoo,2026-06-10T21:40:05-03:00
SBV27.NYB,SBV27,V,Out,2027,2026-05-27,15.89,15.89,15.55,15.58,1697,USD,cents/lb,yahoo,2026-06-10T21:40:05-03:00
SBV27.NYB,SBV27,V,Out,2027,2026-05-28,15.6,15.6,15.36,15.43,2234,USD,cents/lb,yahoo,2026-06-10T21:40:05-03:00
SBV27.NYB,SBV27,V,Out,2027,2026-05-29,15.44,15.76,15.44,15.52,1140,USD,cents/lb,yahoo,2026-06-10T21:40:05-03:00
SBV27.NYB,SBV27,V,Out,2027,2026-06-01,15.6,16.0,15.6,15.89,968,USD,cents/lb,yahoo,2026-06-10T21:40:05-03:00
SBV27.NYB,SBV27,V,Out,2027,2026-06-02,15.8,15.94,15.79,15.92,1434,USD,cents/lb,yahoo,2026-06-10T21:40:05-03:00
SBV27.NYB,SBV27,V,Out,2027,2026-06-03,15.96,16.11,15.81,15.85,2155,USD,cents/lb,yahoo,2026-06-10T21:40:05-03:00
SBV27.NYB,SBV27,V,Out,2027,2026-06-04,15.79,15.94,15.71,15.83,1250,USD,cents/lb,yahoo,2026-06-10T21:40:05-03:00
SBV27.NYB,SBV27,V,Out,2027,2026-06-05,15.77,15.95,15.7,15.73,1817,USD,cents/lb,yahoo,2026-06-10T21:40:05-03:00
SBV27.NYB,SBV27,V,Out,2027,2026-06-08,15.83,15.9,15.66,15.7,1048,USD,cents/lb,yahoo,2026-06-10T21:40:05-03:00
SBV27.NYB,SBV27,V,Out,2027,2026-06-09,15.68,15.72,15.5,15.58,1048,USD,cents/lb,yahoo,2026-06-10T21:40:05-03:00
SBH28.NYB,SBH28,H,Mar,2028,2026-05-27,16.53,16.53,16.2,16.23,611,USD,cents/lb,yahoo,2026-06-10T21:40:05-03:00
SBH28.NYB,SBH28,H,Mar,2028,2026-05-28,16.25,16.25,16.05,16.09,496,USD,cents/lb,yahoo,2026-06-10T21:40:05-03:00
SBH28.NYB,SBH28,H,Mar,2028,2026-05-29,16.21,16.41,16.2,16.17,182,USD,cents/lb,yahoo,2026-06-10T21:40:05-03:00
SBH28.NYB,SBH28,H,Mar,2028,2026-06-01,16.27,16.63,16.27,16.52,267,USD,cents/lb,yahoo,2026-06-10T21:40:05-03:00
SBH28.NYB,SBH28,H,Mar,2028,2026-06-02,16.43,16.53,16.43,16.55,344,USD,cents/lb,yahoo,2026-06-10T21:40:05-03:00
SBH28.NYB,SBH28,H,Mar,2028,2026-06-03,16.6,16.75,16.48,16.51,700,USD,cents/lb,yahoo,2026-06-10T21:40:05-03:00
SBH28.NYB,SBH28,H,Mar,2028,2026-06-04,16.46,16.57,16.46,16.49,352,USD,cents/lb,yahoo,2026-06-10T21:40:05-03:00
SBH28.NYB,SBH28,H,Mar,2028,2026-06-05,16.38,16.45,16.36,16.39,265,USD,cents/lb,yahoo,2026-06-10T21:40:05-03:00
SBH28.NYB,SBH28,H,Mar,2028,2026-06-08,16.5,16.56,16.32,16.36,197,USD,cents/lb,yahoo,2026-06-10T21:40:05-03:00
SBH28.NYB,SBH28,H,Mar,2028,2026-06-09,16.34,16.38,16.17,16.24,197,USD,cents/lb,yahoo,2026-06-10T21:40:05-03:00
SB=F,SB=F,,Continuous,0,2026-05-27,14.47,14.49,14.13,14.14,96713,USD,cents/lb,yahoo,2026-06-10T21:40:05-03:00
SB=F,SB=F,,Continuous,0,2026-05-28,14.16,14.21,13.86,13.93,78371,USD,cents/lb,yahoo,2026-06-10T21:40:05-03:00
SB=F,SB=F,,Continuous,0,2026-05-29,13.94,14.35,13.9,14.06,74188,USD,cents/lb,yahoo,2026-06-10T21:40:05-03:00
SB=F,SB=F,,Continuous,0,2026-06-01,14.16,14.58,14.14,14.45,81583,USD,cents/lb,yahoo,2026-06-10T21:40:05-03:00
SB=F,SB=F,,Continuous,0,2026-06-02,14.4,14.47,14.25,14.38,72335,USD,cents/lb,yahoo,2026-06-10T21:40:05-03:00
SB=F,SB=F,,Continuous,0,2026-06-03,14.42,14.64,14.21,14.24,86599,USD,cents/lb,yahoo,2026-06-10T21:40:05-03:00
SB=F,SB=F,,Continuous,0,2026-06-04,14.22,14.45,14.14,14.27,80222,USD,cents/lb,yahoo,2026-06-10T21:40:05-03:00
SB=F,SB=F,,Continuous,0,2026-06-05,14.26,14.5,14.09,14.14,117940,USD,cents/lb,yahoo,2026-06-10T21:40:05-03:00
SB=F,SB=F,,Continuous,0,2026-06-08,14.24,14.36,14.11,14.12,162560,USD,cents/lb,yahoo,2026-06-10T21:40:05-03:00
SB=F,SB=F,,Continuous,0,2026-06-09,14.15,14.23,13.97,14.08,162560,USD,cents/lb,yahoo,2026-06-10T21:40:05-03:00
SBN26.NYB,SBN26,N,Jul,2026,2026-06-10,14.08,14.1,13.86,13.86,29802,USD,cents/lb,yahoo,2026-06-10T21:40:05-03:00
SBV26.NYB,SBV26,V,Out,2026,2026-06-10,14.54,14.54,14.3,14.31,22953,USD,cents/lb,yahoo,2026-06-10T21:40:05-03:00
SBH27.NYB,SBH27,H,Mar,2027,2026-06-10,15.4,15.43,15.22,15.22,4723,USD,cents/lb,yahoo,2026-06-10T21:40:05-03:00
SBK27.NYB,SBK27,K,Mai,2027,2026-06-10,15.31,15.31,15.05,15.05,1994,USD,cents/lb,yahoo,2026-06-10T21:40:05-03:00
SBN27.NYB,SBN27,N,Jul,2027,2026-06-10,15.34,15.34,15.11,15.11,1048,USD,cents/lb,yahoo,2026-06-10T21:40:05-03:00
SBV27.NYB,SBV27,V,Out,2027,2026-06-10,15.54,15.57,15.42,15.42,757,USD,cents/lb,yahoo,2026-06-10T21:40:05-03:00
SBH28.NYB,SBH28,H,Mar,2028,2026-06-10,16.19,16.22,16.09,16.09,66,USD,cents/lb,yahoo,2026-06-10T21:40:05-03:00
SB=F,SB=F,,Continuous,0,2026-06-10,14.08,14.1,13.86,13.86,29805,USD,cents/lb,yahoo,2026-06-10T21:40:05-03:00
