data,wti_usd_bbl,wti_tela,brent_usd_bbl,brent_tela,usd_brl_ptax
2026-08-05,75.34,U26,79.13,V26,
2026-08-04,80.74,U26,84.2,V26,5.1053
2026-08-03,80.34,U26,83.77,V26,5.0723
2026-08-02,81.1,U26,,V26,
2026-07-31,84.67,U26,90.12,V26,5.0773
2026-07-30,83.59,U26,89.03,V26,5.0739
2026-07-29,84.46,U26,90.74,V26,5.1217
2026-07-28,79.26,U26,84.09,V26,5.1177
2026-07-27,82.61,U26,88.36,V26,5.1005
2026-07-24,89.31,U26,96.78,U26,5.0666
2026-07-23,92.19,U26,100.69,U26,5.0807
2026-07-22,86.83,U26,94.07,U26,5.0638
2026-07-21,84.91,U26,91.01,U26,5.078
2026-07-20,83.23,Q26,89.22,U26,5.0894
2026-07-17,82.49,Q26,88.1,U26,5.1176
2026-07-16,78.95,Q26,84.23,U26,5.0975
2026-07-15,79.6,Q26,84.95,U26,5.0727
2026-07-14,79.34,Q26,84.73,U26,5.0742
2026-07-13,78.14,Q26,83.3,U26,5.1183
2026-07-10,71.41,Q26,76.01,U26,5.1088
2026-07-09,72.08,Q26,76.3,U26,5.1329
2026-07-08,73.52,Q26,78.02,U26,5.1552
2026-07-07,70.44,Q26,74.16,U26,5.1458
2026-07-06,68.55,Q26,71.99,U26,5.167
2026-07-03,68.78,Q26,72.13,U26,5.1717
2026-07-02,68.69,Q26,71.8,U26,5.1945
2026-07-01,68.58,Q26,71.57,U26,5.195
2026-06-30,69.5,Q26,72.92,U26,5.1766
2026-06-29,70.75,Q26,73.15,U26,5.1717
2026-06-28,69.99,Q26,73.27,U26,
2026-06-26,69.23,Q26,71.99,U26,5.1695
2026-06-25,71.92,Q26,75.26,Q26,5.1892
2026-06-24,70.34,Q26,73.74,Q26,5.2098
2026-06-23,73.21,Q26,77.08,Q26,5.1743
2026-06-22,74.82,Q26,77.9,Q26,5.1395
2026-06-19,75.77,N26,79.46,Q26,5.1442
2026-06-18,76.6,N26,79.85,Q26,5.1613
2026-06-17,76.79,N26,79.55,Q26,5.0641
2026-06-16,76.05,N26,78.96,Q26,5.078
2026-06-15,80.75,N26,83.17,Q26,5.043
2026-06-12,84.88,N26,87.33,Q26,5.0827
2026-06-11,87.71,N26,90.38,Q26,5.1478
2026-06-10,90.03,N26,93.1,Q26,5.1763
2026-06-09,88.2,N26,91.45,Q26,5.1693
2026-06-08,91.3,N26,94.25,Q26,5.1695
2026-06-05,90.54,N26,93.09,Q26,5.1244
2026-06-04,93.04,N26,95.03,Q26,
2026-06-03,96.02,N26,97.81,Q26,5.0415
2026-06-02,93.76,N26,96.0,Q26,5.016
2026-06-01,92.16,N26,94.98,Q26,5.0303
2026-05-29,87.36,N26,92.05,Q26,5.0569
2026-05-28,88.9,N26,93.71,Q26,5.0517
2026-05-27,88.68,N26,94.29,Q26,5.0579
2026-05-26,93.89,N26,99.58,Q26,5.0211
2026-05-25,96.6,N26,100.21,N26,5.0072
2026-05-22,96.6,N26,103.54,N26,5.014
2026-05-21,96.35,N26,102.58,N26,5.0077
2026-05-20,98.26,M26,105.02,N26,5.0301
2026-05-19,107.77,M26,111.28,N26,5.0378
2026-05-18,108.66,M26,112.1,N26,5.0093
2026-05-15,105.42,M26,109.26,N26,5.0654
2026-05-14,101.17,M26,105.72,N26,4.9809
2026-05-13,101.02,M26,105.63,N26,4.9118
2026-05-12,102.18,M26,107.77,N26,4.8977
2026-05-11,98.07,M26,104.21,N26,4.8973
2026-05-08,95.42,M26,101.29,N26,4.8999
2026-05-07,94.81,M26,100.06,N26,4.917
2026-05-06,95.08,M26,101.27,N26,4.9274
2026-05-05,102.27,M26,109.87,N26,4.9242
2026-05-04,106.42,M26,114.44,N26,4.9587
2026-05-01,101.94,M26,108.17,N26,
2026-04-30,105.07,M26,114.01,N26,4.9886
2026-04-29,106.88,M26,118.03,N26,4.9985
2026-04-28,99.93,M26,111.26,N26,4.9878
2026-04-27,96.37,M26,108.23,N26,4.97
2026-04-24,94.4,M26,105.33,M26,5.0083
2026-04-23,95.85,M26,105.07,M26,4.9539
2026-04-22,92.96,M26,101.91,M26,4.9653
2026-04-21,92.13,M26,98.48,M26,
2026-04-20,89.61,K26,95.48,M26,4.9844
2026-04-17,83.85,K26,90.38,M26,4.9695
2026-04-16,94.69,K26,99.39,M26,5.0007
2026-04-15,91.29,K26,94.93,M26,4.9928
2026-04-14,91.28,K26,94.79,M26,4.9806
2026-04-13,99.08,K26,99.36,M26,5.0244
2026-04-10,96.57,K26,95.2,M26,5.0229
2026-04-09,97.87,K26,95.92,M26,5.0821
2026-04-08,94.41,K26,94.75,M26,5.0899
2026-04-07,112.95,K26,109.27,M26,5.1625
2026-04-06,112.41,K26,109.77,M26,5.1532
2026-04-02,111.54,K26,109.03,M26,5.1655
2026-04-01,100.12,K26,101.16,M26,5.1606
2026-03-31,101.38,K26,118.35,M26,5.2194
2026-03-30,102.88,K26,112.78,M26,5.2353
2026-03-27,99.64,K26,112.57,M26,5.2376
2026-03-26,94.48,K26,108.01,M26,5.2308
2026-03-25,90.32,K26,102.22,K26,5.2275
2026-03-24,92.35,K26,104.49,K26,5.2599
2026-03-23,88.13,K26,99.94,K26,5.244
2026-03-20,98.32,J26,112.19,K26,5.28
2026-03-19,96.14,J26,108.65,K26,5.2587
2026-03-18,96.32,J26,107.38,K26,5.2112
2026-03-17,96.21,J26,103.42,K26,5.2022
2026-03-16,93.5,J26,100.21,K26,5.2647
2026-03-13,98.71,J26,103.14,K26,5.2541
2026-03-12,95.73,J26,100.46,K26,5.2051
2026-03-11,87.25,J26,91.98,K26,5.1596
2026-03-10,83.45,J26,87.8,K26,5.1622
2026-03-09,94.77,J26,98.96,K26,5.2139
2026-03-06,90.9,J26,92.69,K26,5.2878
2026-03-05,81.01,J26,85.41,K26,5.2447
2026-03-04,74.66,J26,81.4,K26,5.2091
2026-03-03,74.56,J26,81.4,K26,5.287
2026-03-02,71.23,J26,77.74,K26,5.2001
2026-02-27,67.02,J26,72.48,K26,5.1495
2026-02-26,65.21,J26,70.75,K26,5.1382
2026-02-25,65.42,J26,70.85,J26,5.144
2026-02-24,65.63,J26,70.77,J26,5.1682
2026-02-23,66.31,J26,71.49,J26,5.1635
2026-02-20,66.39,H26,71.76,J26,5.2006
2026-02-19,66.43,H26,71.66,J26,5.2257
2026-02-18,65.19,H26,70.35,J26,5.2349
2026-02-17,62.33,H26,67.42,J26,
2026-02-13,62.89,H26,67.75,J26,5.2288
2026-02-12,62.84,H26,67.52,J26,5.1674
2026-02-11,64.63,H26,69.4,J26,5.1836
2026-02-10,63.96,H26,68.8,J26,5.2021
2026-02-09,64.36,H26,69.04,J26,5.1943
2026-02-06,63.55,H26,68.05,J26,5.2341
2026-02-05,63.29,H26,67.55,J26,5.258
2026-02-04,65.14,H26,69.46,J26,5.2359
2026-02-03,63.21,H26,67.33,J26,5.2236
2026-02-02,62.14,H26,66.3,J26,5.2587
2026-01-30,65.21,H26,70.69,J26,5.2301
2026-01-29,65.42,H26,70.71,J26,5.1956
2026-01-28,63.21,H26,68.4,J26,5.1838
2026-01-27,62.39,H26,67.57,J26,5.2392
2026-01-26,60.63,H26,65.59,J26,5.276
2026-01-23,61.07,H26,65.88,H26,5.2879
2026-01-22,59.36,H26,64.06,H26,5.3118
2026-01-21,60.62,H26,65.24,H26,5.3368
2026-01-20,60.34,G26,64.92,H26,5.379
2026-01-16,59.44,G26,64.13,H26,5.3798
2026-01-15,59.19,G26,63.76,H26,5.3846
2026-01-14,62.02,G26,66.52,H26,5.3795
2026-01-13,61.15,G26,65.47,H26,5.3764
2026-01-12,59.5,G26,63.87,H26,5.376
2026-01-09,59.12,G26,63.34,H26,5.3707
2026-01-08,57.76,G26,61.99,H26,5.386
2026-01-07,55.99,G26,59.96,H26,5.388
2026-01-06,57.13,G26,60.7,H26,5.3797
2026-01-05,58.32,G26,61.76,H26,5.4351
2026-01-02,57.32,G26,60.75,H26,5.4372
2025-12-31,57.42,G26,60.85,H26,5.5024
2025-12-30,57.95,G26,61.92,H26,5.5024
2025-12-29,58.08,G26,61.94,H26,5.5739
2025-12-26,56.74,G26,60.64,H26,5.5413
2025-12-24,58.35,G26,62.24,G26,5.535
2025-12-23,58.38,G26,62.38,G26,5.5643
2025-12-22,58.01,G26,62.07,G26,5.5389
2025-12-19,56.66,F26,60.47,G26,5.516
2025-12-18,56.15,F26,59.82,G26,5.5283
2025-12-17,55.94,F26,59.68,G26,5.5093
2025-12-16,55.27,F26,58.92,G26,5.4505
2025-12-15,56.82,F26,60.56,G26,5.3929
2025-12-12,57.44,F26,61.12,G26,5.4011
2025-12-11,57.6,F26,61.28,G26,5.4237
2025-12-10,58.46,F26,62.21,G26,5.4656
2025-12-09,58.25,F26,61.94,G26,5.457
2025-12-08,58.88,F26,62.49,G26,5.4249
2025-12-05,60.08,F26,63.75,G26,5.3405
2025-12-04,59.67,F26,63.26,G26,5.2952
2025-12-03,58.95,F26,62.67,G26,5.3114
2025-12-02,58.64,F26,62.45,G26,5.3465
2025-12-01,59.32,F26,63.17,G26,5.3469
2025-11-28,58.55,F26,63.2,G26,5.3338
2025-11-26,58.65,F26,63.13,G26,5.3694
2025-11-25,57.95,F26,62.48,F26,5.3841
2025-11-24,58.84,F26,63.37,F26,5.3948
2025-11-21,58.06,F26,62.56,F26,5.3902
2025-11-20,59.14,Z25,63.38,F26,
2025-11-19,59.44,Z25,63.51,F26,5.3346
2025-11-18,60.74,Z25,64.89,F26,5.3361
2025-11-17,59.91,Z25,64.2,F26,5.3108
2025-11-14,60.09,Z25,64.39,F26,5.2952
2025-11-13,58.69,Z25,63.01,F26,5.282
2025-11-12,58.49,Z25,62.71,F26,5.2885
2025-11-11,61.04,Z25,65.16,F26,5.2729
2025-11-10,60.13,Z25,64.06,F26,5.3181
2025-11-07,59.75,Z25,63.63,F26,5.3567
2025-11-06,59.43,Z25,63.38,F26,5.3451
2025-11-05,59.6,Z25,63.52,F26,5.3798
2025-11-04,60.56,Z25,64.44,F26,5.3846
2025-11-03,61.05,Z25,64.89,F26,5.3505
2025-10-31,60.98,Z25,65.07,F26,5.3843
2025-10-30,60.57,Z25,65.0,F26,5.385
2025-10-29,60.48,Z25,64.92,F26,5.3416
2025-10-28,60.15,Z25,64.4,F26,5.369
2025-10-27,61.31,Z25,65.62,F26,5.3744
2025-10-24,61.5,Z25,65.94,Z25,5.3797
2025-10-23,61.79,Z25,65.99,Z25,5.384
2025-10-22,58.5,Z25,62.59,Z25,5.3898
2025-10-21,57.82,Z25,61.32,Z25,5.3848
2025-10-20,57.52,X25,61.01,Z25,5.3771
2025-10-17,57.54,X25,61.29,Z25,5.439
2025-10-16,57.46,X25,61.06,Z25,5.4354
2025-10-15,58.27,X25,61.91,Z25,5.4464
2025-10-14,58.7,X25,62.39,Z25,5.4982
2025-10-13,59.49,X25,63.32,Z25,5.4629
2025-10-10,58.9,X25,62.73,Z25,5.4446
2025-10-09,61.51,X25,65.22,Z25,5.3538
2025-10-08,62.55,X25,66.25,Z25,5.3427
2025-10-07,61.73,X25,65.45,Z25,5.3363
2025-10-06,61.69,X25,65.47,Z25,5.3226
2025-10-03,60.88,X25,64.53,Z25,5.3498
2025-10-02,60.48,X25,64.11,Z25,5.3449
2025-10-01,61.78,X25,65.35,Z25,5.3208
2025-09-30,62.37,X25,67.02,Z25,5.3186
2025-09-29,63.45,X25,67.97,Z25,5.3229
2025-09-26,65.72,X25,70.13,Z25,5.3445
2025-09-25,64.98,X25,69.42,X25,5.3425
2025-09-24,64.99,X25,69.31,X25,5.3112
2025-09-23,63.41,X25,67.63,X25,5.3063
2025-09-22,62.64,X25,66.57,X25,5.3457
2025-09-19,62.68,V25,66.68,X25,5.3276
2025-09-18,63.57,V25,67.44,X25,5.301
2025-09-17,64.05,V25,67.95,X25,5.3011
2025-09-16,64.52,V25,68.47,X25,5.3096
2025-09-15,63.3,V25,67.44,X25,5.3208
2025-09-12,62.69,V25,66.99,X25,5.3677
2025-09-11,62.37,V25,66.37,X25,5.3858
2025-09-10,63.67,V25,67.49,X25,5.4123
2025-09-09,62.63,V25,66.39,X25,5.4278
2025-09-08,62.26,V25,66.02,X25,5.4278
2025-09-05,61.87,V25,65.5,X25,5.3968
2025-09-04,63.48,V25,66.99,X25,5.4587
2025-09-03,63.97,V25,67.6,X25,5.4485
2025-09-02,65.59,V25,69.14,X25,5.468
2025-08-29,64.01,V25,68.12,X25,5.4264
2025-08-28,64.6,V25,68.62,X25,5.4115
2025-08-27,64.15,V25,68.05,X25,5.4428
2025-08-26,63.25,V25,67.22,X25,5.4218
2025-08-25,64.8,V25,68.8,V25,5.4174
2025-08-22,63.66,V25,67.73,V25,5.4392
2025-08-21,63.52,V25,67.67,V25,5.4828
2025-08-20,63.21,U25,66.84,V25,5.4726
2025-08-19,62.35,U25,65.79,V25,5.4716
2025-08-18,63.42,U25,66.6,V25,5.4155
2025-08-15,62.8,U25,65.85,V25,5.3928
2025-08-14,63.96,U25,66.84,V25,5.4095
2025-08-13,62.65,U25,65.63,V25,5.3928
2025-08-12,63.17,U25,66.12,V25,5.4052
2025-08-11,63.96,U25,66.63,V25,5.4473
2025-08-08,63.88,U25,66.59,V25,5.4254
2025-08-07,63.88,U25,66.43,V25,5.4638
2025-08-06,64.35,U25,66.89,V25,5.4802
2025-08-05,65.16,U25,67.64,V25,5.5119
2025-08-04,66.29,U25,68.76,V25,5.5113
2025-08-01,67.33,U25,69.67,V25,5.5436
2025-07-31,69.26,U25,72.53,V25,5.6021
2025-07-30,70.0,U25,73.24,V25,5.6034
2025-07-29,69.21,U25,72.51,V25,5.5764
2025-07-28,66.71,U25,70.04,V25,5.5877
2025-07-25,65.16,U25,68.44,U25,5.5426
2025-07-24,66.03,U25,69.18,U25,5.5239
2025-07-23,65.25,U25,68.51,U25,5.5537
2025-07-22,66.21,U25,68.59,U25,5.5709
2025-07-21,67.2,U25,69.21,U25,5.5625
2025-07-18,67.34,Q25,69.28,U25,5.5466
2025-07-17,67.54,Q25,69.52,U25,5.5737
2025-07-16,66.38,Q25,68.52,U25,5.5722
2025-07-15,66.52,Q25,68.71,U25,5.5576
2025-07-14,66.98,Q25,69.21,U25,5.5595
2025-07-11,68.45,Q25,70.36,U25,5.5722
2025-07-10,66.57,Q25,68.64,U25,5.5433
2025-07-09,68.38,Q25,70.19,U25,5.4626
2025-07-08,68.33,Q25,70.15,U25,5.4571
2025-07-07,67.93,Q25,69.58,U25,5.4552
2025-07-04,66.5,Q25,68.29,U25,5.409
2025-07-03,67.0,Q25,68.8,U25,5.4208
2025-07-02,67.45,Q25,69.11,U25,5.4512
2025-07-01,65.45,Q25,67.11,U25,5.4511
2025-06-30,65.11,Q25,67.61,U25,5.4571
2025-06-27,65.52,Q25,67.77,U25,5.4759
2025-06-26,65.24,Q25,67.73,U25,5.5145
2025-06-25,64.92,Q25,67.68,Q25,5.5427
2025-06-24,64.37,Q25,67.14,Q25,5.4938
2025-06-23,68.51,Q25,71.48,Q25,5.5213
2025-06-20,74.93,N25,77.01,Q25,5.4957
2025-06-18,75.14,N25,76.7,Q25,5.4879
2025-06-17,74.84,N25,76.45,Q25,5.4773
2025-06-16,71.77,N25,73.23,Q25,5.5123
2025-06-13,72.98,N25,74.23,Q25,5.5652
2025-06-12,68.04,N25,69.36,Q25,5.5388
2025-06-11,68.15,N25,69.77,Q25,5.539
2025-06-10,64.98,N25,66.87,Q25,5.5557
2025-06-09,65.29,N25,67.04,Q25,5.576
2025-06-06,64.58,N25,66.47,Q25,5.5947
2025-06-05,63.37,N25,65.34,Q25,5.5969
2025-06-04,62.85,N25,64.86,Q25,5.6332
2025-06-03,63.41,N25,65.63,Q25,5.6694
2025-06-02,62.52,N25,64.63,Q25,5.6937
2025-05-30,60.79,N25,63.9,Q25,5.7087
2025-05-29,60.94,N25,64.15,Q25,5.6559
2025-05-28,61.84,N25,64.9,Q25,5.6936
2025-05-27,60.89,N25,64.09,Q25,5.6539
2025-05-23,61.53,N25,64.78,N25,5.6932
2025-05-22,61.2,N25,64.44,N25,5.639
2025-05-21,61.57,N25,64.91,N25,5.6571
2025-05-20,62.56,M25,65.38,N25,5.662
2025-05-19,62.69,M25,65.54,N25,5.6591
2025-05-16,62.49,M25,65.41,N25,5.6925
2025-05-15,61.62,M25,64.53,N25,5.6328
2025-05-14,63.15,M25,66.09,N25,5.61
2025-05-13,63.67,M25,66.63,N25,5.6262
2025-05-12,61.95,M25,64.96,N25,5.6822
2025-05-09,61.02,M25,63.91,N25,5.6511
2025-05-08,59.91,M25,62.84,N25,5.686
2025-05-07,58.07,M25,61.12,N25,5.7375
2025-05-06,59.09,M25,62.15,N25,5.721
2025-05-05,57.13,M25,60.23,N25,5.652
2025-05-02,58.29,M25,61.29,N25,5.6394
2025-05-01,59.24,M25,62.13,N25,
2025-04-30,58.21,M25,63.12,N25,5.6608
2025-04-29,60.42,M25,64.25,N25,5.6467
2025-04-28,62.05,M25,65.86,N25,5.6681
2025-04-25,63.02,M25,66.87,M25,5.6846
2025-04-24,62.79,M25,66.55,M25,5.6738
2025-04-23,62.27,M25,66.12,M25,5.688
2025-04-22,64.31,M25,67.44,M25,5.7496
2025-04-21,63.08,M25,66.26,M25,
2025-04-17,64.68,K25,67.96,M25,5.8559
2025-04-16,62.47,K25,65.85,M25,5.8808
2025-04-15,61.33,K25,64.67,M25,5.8707
2025-04-14,61.53,K25,64.88,M25,5.8425
2025-04-11,61.5,K25,64.76,M25,5.8737
2025-04-10,60.07,K25,63.33,M25,5.9115
2025-04-09,62.35,K25,65.48,M25,6.0605
2025-04-08,59.58,K25,62.82,M25,5.9368
2025-04-07,60.7,K25,64.21,M25,5.8877
2025-04-04,61.99,K25,65.58,M25,5.7777
2025-04-03,66.95,K25,70.14,M25,5.6067
2025-04-02,71.71,K25,74.95,M25,5.6923
2025-04-01,71.2,K25,74.49,M25,5.7051
2025-03-31,71.48,K25,74.74,M25,5.7422
2025-03-28,69.36,K25,73.63,M25,5.766
2025-03-27,69.92,K25,74.03,M25,5.7474
2025-03-26,69.65,K25,73.79,M25,5.7298
2025-03-25,69.0,K25,73.02,K25,5.6992
2025-03-24,69.11,K25,73.0,K25,5.7403
2025-03-21,68.28,K25,72.16,K25,5.7241
2025-03-20,68.26,J25,72.0,K25,5.6628
2025-03-19,67.16,J25,70.78,K25,5.6657
2025-03-18,66.9,J25,70.56,K25,5.6852
2025-03-17,67.58,J25,71.07,K25,5.7082
2025-03-14,67.18,J25,70.58,K25,5.7419
2025-03-13,66.55,J25,69.88,K25,5.8131
2025-03-12,67.68,J25,70.95,K25,5.8268
2025-03-11,66.25,J25,69.56,K25,5.8346
2025-03-10,66.03,J25,69.28,K25,5.793
2025-03-07,67.04,J25,70.36,K25,5.7688
2025-03-06,66.36,J25,69.46,K25,5.7489
2025-03-05,66.31,J25,69.3,K25,5.7914
2025-03-04,68.26,J25,71.04,K25,
2025-03-03,68.37,J25,71.62,K25,
2025-02-28,69.76,J25,73.18,K25,5.8488
2025-02-27,70.35,J25,74.04,K25,5.8228
2025-02-26,68.62,J25,72.53,K25,5.7757
2025-02-25,68.93,J25,73.02,J25,5.7779
2025-02-24,70.7,J25,74.78,J25,5.7258
2025-02-21,70.4,J25,74.43,J25,5.7027
2025-02-20,72.57,H25,76.48,J25,5.7019
2025-02-19,72.25,H25,76.04,J25,5.7087
2025-02-18,71.85,H25,75.84,J25,5.6979
2025-02-14,70.74,H25,74.74,J25,5.7283
2025-02-13,71.29,H25,75.02,J25,5.7788
2025-02-12,71.37,H25,75.18,J25,5.7711
2025-02-11,73.32,H25,77.0,J25,5.7788
2025-02-10,72.32,H25,75.87,J25,5.7808
2025-02-07,71.0,H25,74.66,J25,5.7557
2025-02-06,70.61,H25,74.29,J25,5.7856
2025-02-05,71.03,H25,74.61,J25,5.7997
2025-02-04,72.7,H25,76.2,J25,5.7927
2025-02-03,73.16,H25,75.96,J25,5.8687
2025-01-31,72.53,H25,76.76,J25,5.8301
2025-01-30,72.73,H25,76.87,J25,5.9006
2025-01-29,72.62,H25,76.58,J25,5.8596
2025-01-28,73.77,H25,77.49,J25,5.893
2025-01-27,73.17,H25,77.08,J25,5.9272
2025-01-24,74.66,H25,78.5,H25,5.8925
2025-01-23,74.62,H25,78.29,H25,5.9399
2025-01-22,75.44,H25,79.0,H25,5.9674
2025-01-21,75.89,H25,79.29,H25,6.044
2025-01-17,77.88,G25,80.79,H25,6.0609
2025-01-16,78.68,G25,81.29,H25,6.0322
2025-01-15,80.04,G25,82.03,H25,6.0377
2025-01-14,77.5,G25,79.92,H25,6.0671
2025-01-13,78.82,G25,81.01,H25,6.1079
2025-01-10,76.57,G25,79.76,H25,6.0965
2025-01-09,73.92,G25,76.92,H25,6.0896
2025-01-08,73.32,G25,76.16,H25,6.1321
2025-01-07,74.25,G25,77.05,H25,6.0741
2025-01-06,73.56,G25,76.3,H25,6.1119
2025-01-03,73.96,G25,76.51,H25,6.1563
2025-01-02,73.13,G25,75.93,H25,6.2086
2024-12-31,71.72,G25,74.64,H25,6.1923
2024-12-30,70.99,G25,74.39,H25,6.1923
2024-12-27,70.6,G25,74.17,H25,6.1991
2024-12-26,69.62,G25,73.26,H25,6.1656
2024-12-24,70.1,G25,73.58,G25,6.1541
2024-12-23,69.24,G25,72.63,G25,6.1612
2024-12-20,69.46,F25,72.94,G25,6.078
2024-12-19,69.91,F25,72.88,G25,6.1841
2024-12-18,70.58,F25,73.39,G25,6.1624
2024-12-17,70.08,F25,73.19,G25,6.1685
2024-12-16,70.71,F25,73.91,G25,6.0509
2024-12-13,71.29,F25,74.49,G25,6.04
2024-12-12,70.02,F25,73.41,G25,5.9408
2024-12-11,70.29,F25,73.52,G25,6.032
2024-12-10,68.59,F25,72.19,G25,6.0529
2024-12-09,68.37,F25,72.14,G25,6.057
2024-12-06,67.2,F25,71.12,G25,6.0293
2024-12-05,68.3,F25,72.09,G25,5.9849
2024-12-04,68.54,F25,72.31,G25,6.0581
2024-12-03,69.94,F25,73.62,G25,6.0707
2024-12-02,68.1,F25,71.83,G25,6.0634
2024-11-29,68.0,F25,72.94,G25,6.0535
2024-11-27,68.72,F25,72.83,G25,5.8291
2024-11-26,68.77,F25,72.81,G25,5.799
2024-11-25,68.94,F25,73.01,F25,5.8002
2024-11-22,71.24,F25,75.17,F25,5.8124
2024-11-21,70.1,F25,74.23,F25,5.8173
2024-11-20,68.87,Z24,72.81,F25,
2024-11-19,69.39,Z24,73.31,F25,5.7743
2024-11-18,69.16,Z24,73.3,F25,5.7603
2024-11-15,67.02,Z24,71.04,F25,
2024-11-14,68.7,Z24,72.56,F25,5.7885
2024-11-13,68.43,Z24,72.28,F25,5.7713
2024-11-12,68.12,Z24,71.89,F25,5.7694
2024-11-11,68.04,Z24,71.83,F25,5.798
2024-11-08,70.38,Z24,73.87,F25,5.7648
2024-11-07,72.36,Z24,75.63,F25,5.6624
2024-11-06,71.69,Z24,74.92,F25,5.7648
2024-11-05,71.99,Z24,75.53,F25,5.7846
2024-11-04,71.47,Z24,75.08,F25,5.7898
2024-11-01,69.49,Z24,73.1,F25,5.8073
2024-10-31,69.26,Z24,73.16,F25,5.7779
2024-10-30,68.61,Z24,72.55,F25,5.7801
2024-10-29,67.21,Z24,71.12,F25,5.714
2024-10-28,67.38,Z24,71.42,F25,5.6988
2024-10-25,71.78,Z24,76.05,Z24,5.6969
2024-10-24,70.19,Z24,74.38,Z24,5.7087
2024-10-23,70.77,Z24,74.96,Z24,5.7149
2024-10-22,72.09,Z24,76.04,Z24,5.6958
2024-10-21,70.56,Z24,74.29,Z24,5.7068
2024-10-18,69.22,X24,73.06,Z24,5.6672
2024-10-17,70.67,X24,74.45,Z24,5.6758
2024-10-16,70.39,X24,74.22,Z24,5.6749
2024-10-15,70.58,X24,74.25,Z24,5.6378
2024-10-14,73.83,X24,77.46,Z24,5.6045
2024-10-11,75.56,X24,79.04,Z24,5.6263
2024-10-10,75.85,X24,79.4,Z24,5.5819
2024-10-09,73.24,X24,76.58,Z24,5.5737
2024-10-08,73.57,X24,77.18,Z24,5.5197
2024-10-07,77.14,X24,80.93,Z24,5.4626
2024-10-04,74.38,X24,78.05,Z24,5.4686
2024-10-03,73.71,X24,77.62,Z24,5.485
2024-10-02,70.1,X24,73.9,Z24,5.4305
2024-10-01,69.83,X24,73.56,Z24,5.4521
2024-09-30,68.17,X24,71.77,Z24,5.4481
2024-09-27,68.18,X24,71.98,Z24,5.4431
2024-09-26,67.67,X24,71.6,Z24,5.4412
2024-09-25,69.69,X24,73.46,X24,5.4736
2024-09-24,71.56,X24,75.17,X24,5.4702
2024-09-23,70.37,X24,73.9,X24,5.5446
2024-09-20,71.92,V24,74.49,X24,5.4775
2024-09-19,71.95,V24,74.88,X24,5.4189
2024-09-18,70.91,V24,73.65,X24,5.4767
2024-09-17,71.19,V24,73.7,X24,5.501
2024-09-16,70.09,V24,72.75,X24,5.5207
2024-09-13,68.65,V24,71.61,X24,5.5717
2024-09-12,68.97,V24,71.97,X24,5.6554
2024-09-11,67.31,V24,70.61,X24,5.6387
2024-09-10,65.75,V24,69.19,X24,5.6254
2024-09-09,68.71,V24,71.84,X24,5.6097
2024-09-06,67.67,V24,71.06,X24,5.5702
2024-09-05,69.15,V24,72.69,X24,5.6049
2024-09-04,69.2,V24,72.7,X24,5.6359
2024-09-03,70.34,V24,73.75,X24,5.6224
2024-08-30,73.55,V24,78.8,X24,5.6562
2024-08-29,75.91,V24,79.94,X24,5.6358
2024-08-28,74.52,V24,78.65,X24,5.5315
2024-08-27,75.53,V24,79.55,X24,5.4969
2024-08-26,77.42,V24,81.43,X24,5.4921
2024-08-23,74.83,V24,79.02,V24,5.5263
2024-08-22,73.01,V24,77.22,V24,5.5524
2024-08-21,71.93,V24,76.05,V24,5.4707
2024-08-20,74.04,U24,77.2,V24,5.4547
2024-08-19,74.37,U24,77.66,V24,5.4237
2024-08-16,76.65,U24,79.68,V24,5.4632
2024-08-15,78.16,U24,81.04,V24,5.4651
2024-08-14,76.98,U24,79.76,V24,5.4502
2024-08-13,78.35,U24,80.69,V24,5.4875
2024-08-12,80.06,U24,82.3,V24,5.4911
2024-08-09,76.84,U24,79.66,V24,5.5115
2024-08-08,76.19,U24,79.16,V24,5.6172
2024-08-07,75.23,U24,78.33,V24,5.6093
2024-08-06,73.2,U24,76.48,V24,5.6528
2024-08-05,72.94,U24,76.3,V24,5.7646
2024-08-02,73.52,U24,76.81,V24,5.7366
2024-08-01,76.31,U24,79.52,V24,5.6681
2024-07-31,77.91,U24,80.72,V24,5.6621
2024-07-30,74.73,U24,78.63,V24,5.6532
2024-07-29,75.81,U24,79.78,V24,5.6479
2024-07-26,77.16,U24,81.13,V24,5.6465
2024-07-25,78.28,U24,82.37,U24,5.6402
2024-07-24,77.59,U24,81.71,U24,5.6346
2024-07-23,76.96,U24,81.01,U24,5.5807
2024-07-22,79.78,U24,82.4,U24,5.5598
2024-07-19,80.13,Q24,82.63,U24,5.5543
2024-07-18,82.82,Q24,85.11,U24,5.5426
2024-07-17,82.85,Q24,85.08,U24,5.467
2024-07-16,80.76,Q24,83.73,U24,5.4274
2024-07-15,81.91,Q24,84.85,U24,5.4563
2024-07-12,82.21,Q24,85.03,U24,5.4529
2024-07-11,82.62,Q24,85.4,U24,5.41
2024-07-10,82.1,Q24,85.08,U24,5.3967
2024-07-09,81.41,Q24,84.66,U24,5.4387
2024-07-08,82.33,Q24,85.75,U24,5.472
2024-07-05,83.16,Q24,86.54,U24,5.497
2024-07-03,83.88,Q24,87.34,U24,5.5863
2024-07-02,82.81,Q24,86.24,U24,5.6677
2024-07-01,83.38,Q24,86.6,U24,5.5893
2024-06-28,81.54,Q24,86.41,U24,5.5589
2024-06-27,81.74,Q24,86.39,U24,5.5229
2024-06-26,80.9,Q24,85.25,U24,5.5097
2024-06-25,80.83,Q24,85.01,Q24,5.429
2024-06-24,81.63,Q24,86.01,Q24,5.4
2024-06-21,80.73,Q24,85.24,Q24,5.4416
2024-06-20,82.17,N24,85.71,Q24,5.4254
2024-06-18,81.57,N24,85.33,Q24,5.4074
2024-06-17,80.33,N24,84.25,Q24,5.413
2024-06-14,78.45,N24,82.62,Q24,5.363
2024-06-13,78.62,N24,82.75,Q24,5.3974
2024-06-12,78.5,N24,82.6,Q24,5.3891
2024-06-11,77.9,N24,81.92,Q24,5.3524
2024-06-10,77.74,N24,81.63,Q24,5.3666
2024-06-07,75.53,N24,79.62,Q24,5.2802
2024-06-06,75.55,N24,79.87,Q24,5.2681
2024-06-05,74.07,N24,78.41,Q24,5.2841
2024-06-04,73.25,N24,77.52,Q24,5.2687
2024-06-03,74.22,N24,78.36,Q24,5.2373
2024-05-31,76.99,N24,81.62,Q24,5.2416
2024-05-30,77.91,N24,81.86,Q24,
2024-05-29,79.23,N24,83.6,Q24,5.1972
2024-05-28,79.83,N24,84.22,Q24,5.1538
2024-05-24,77.72,N24,82.12,N24,5.1508
2024-05-23,76.87,N24,81.36,N24,5.1443
2024-05-22,77.57,N24,81.9,N24,5.1502
2024-05-21,79.26,N24,82.88,N24,5.1037
2024-05-20,79.8,M24,83.71,N24,5.1085
2024-05-17,80.06,M24,83.98,N24,5.1157
2024-05-16,79.23,M24,83.27,N24,5.127
2024-05-15,78.63,M24,82.75,N24,5.1423
2024-05-14,78.02,M24,82.38,N24,5.1356
2024-05-13,79.12,M24,83.36,N24,5.1412
2024-05-10,78.26,M24,82.79,N24,5.1464
2024-05-09,79.26,M24,83.88,N24,5.1577
2024-05-08,78.99,M24,83.58,N24,5.0887
2024-05-07,78.38,M24,83.16,N24,5.061
2024-05-06,78.48,M24,83.33,N24,5.0727
2024-05-03,78.11,M24,82.96,N24,5.0668
2024-05-02,78.95,M24,83.67,N24,5.1184
2024-05-01,79.0,M24,83.44,N24,
2024-04-30,81.93,M24,87.86,N24,5.1718
2024-04-29,82.63,M24,88.4,N24,5.1155
2024-04-26,83.85,M24,89.5,N24,5.1184
2024-04-25,83.57,M24,89.01,M24,5.1679
2024-04-24,82.81,M24,88.02,M24,5.1592
2024-04-23,83.36,M24,88.42,M24,5.1626
2024-04-22,82.85,M24,87.0,M24,5.2043
2024-04-19,83.14,K24,87.29,M24,5.2269
2024-04-18,82.73,K24,87.11,M24,5.2512
2024-04-17,82.69,K24,87.29,M24,5.2469
2024-04-16,85.36,K24,90.02,M24,5.2635
2024-04-15,85.41,K24,90.1,M24,5.1746
2024-04-12,85.66,K24,90.45,M24,5.1364
2024-04-11,85.02,K24,89.74,M24,5.0765
2024-04-10,86.21,K24,90.48,M24,5.0654
2024-04-09,85.23,K24,89.42,M24,5.008
2024-04-08,86.43,K24,90.38,M24,5.0421
2024-04-05,86.91,K24,91.17,M24,5.052
2024-04-04,86.59,K24,90.65,M24,5.0237
2024-04-03,85.43,K24,89.35,M24,5.0724
2024-04-02,85.15,K24,88.92,M24,5.0476
2024-04-01,83.71,K24,87.42,M24,5.0532
2024-03-28,83.17,K24,87.48,M24,4.9962
2024-03-27,81.35,K24,86.09,M24,4.9856
2024-03-26,81.62,K24,86.25,M24,4.987
2024-03-25,81.95,K24,86.75,K24,4.9869
2024-03-22,80.63,K24,85.43,K24,4.9897
2024-03-21,81.07,K24,85.78,K24,4.9807
2024-03-20,81.68,J24,85.95,K24,5.012
2024-03-19,83.47,J24,87.38,K24,5.0352
2024-03-18,82.72,J24,86.89,K24,5.0124
2024-03-15,81.04,J24,85.34,K24,4.9937
2024-03-14,81.26,J24,85.42,K24,4.9768
2024-03-13,79.72,J24,84.03,K24,4.9803
2024-03-12,77.56,J24,81.92,K24,4.9813
2024-03-11,77.93,J24,82.21,K24,4.9777
2024-03-08,78.01,J24,82.08,K24,4.9751
2024-03-07,78.93,J24,82.96,K24,4.9364
2024-03-06,79.13,J24,82.96,K24,4.9398
2024-03-05,78.15,J24,82.04,K24,4.9488
2024-03-04,78.74,J24,82.8,K24,4.9475
2024-03-01,79.97,J24,83.55,K24,4.9596
2024-02-29,78.26,J24,83.62,K24,4.9833
2024-02-28,78.54,J24,83.68,K24,4.9557
2024-02-27,78.87,J24,83.65,K24,4.9575
2024-02-26,77.58,J24,82.53,K24,4.9819
2024-02-23,76.49,J24,81.62,J24,4.9851
2024-02-22,78.61,J24,83.67,J24,4.9419
2024-02-21,77.91,J24,83.03,J24,4.9303
2024-02-20,78.18,H24,82.34,J24,4.9408
2024-02-16,79.19,H24,83.47,J24,4.9761
2024-02-15,78.03,H24,82.86,J24,4.971
2024-02-14,76.64,H24,81.6,J24,4.9723
2024-02-13,77.87,H24,82.77,J24,
2024-02-12,76.92,H24,82.0,J24,
2024-02-09,76.84,H24,82.19,J24,4.9717
2024-02-08,76.22,H24,81.63,J24,4.9804
2024-02-07,73.86,H24,79.21,J24,4.9608
2024-02-06,73.31,H24,78.59,J24,4.9687
2024-02-05,72.78,H24,77.99,J24,5.0053
2024-02-02,72.28,H24,77.33,J24,4.9471
2024-02-01,73.82,H24,78.7,J24,4.935
2024-01-31,75.85,H24,81.71,J24,4.9535
2024-01-30,77.82,H24,82.87,J24,4.9638
2024-01-29,76.78,H24,82.4,J24,4.9225
2024-01-26,78.01,H24,83.55,J24,4.9125
2024-01-25,77.36,H24,82.43,H24,4.9232
2024-01-24,75.09,H24,80.04,H24,4.9192
2024-01-23,74.37,H24,79.55,H24,4.9715
2024-01-22,75.19,H24,80.06,H24,4.949
2024-01-19,73.41,G24,78.56,H24,4.9223
2024-01-18,74.08,G24,79.1,H24,4.9403
2024-01-17,72.56,G24,77.88,H24,4.9346
2024-01-16,72.4,G24,78.29,H24,4.9038
2024-01-12,72.68,G24,78.29,H24,4.8543
2024-01-11,72.02,G24,77.41,H24,4.8794
2024-01-10,71.37,G24,76.8,H24,4.8901
2024-01-09,72.24,G24,77.59,H24,4.8937
2024-01-08,70.77,G24,76.12,H24,4.885
2024-01-05,73.81,G24,78.76,H24,4.8899
2024-01-04,72.19,G24,77.59,H24,4.9188
2024-01-03,72.7,G24,78.25,H24,4.9212
2024-01-02,70.38,G24,75.89,H24,4.8916
2023-12-29,71.65,G24,77.04,H24,4.8413
2023-12-28,71.77,G24,78.39,H24,4.8413
2023-12-27,74.11,G24,79.65,H24,4.8306
2023-12-26,75.57,G24,81.07,H24,4.8368
2023-12-22,73.56,G24,79.07,G24,4.8619
2023-12-21,73.89,G24,79.39,G24,4.8755
2023-12-20,74.22,F24,79.7,G24,4.8766
2023-12-19,73.44,F24,79.23,G24,4.8663
2023-12-18,72.47,F24,77.95,G24,4.9399
2023-12-15,71.43,F24,76.55,G24,4.9397
2023-12-14,71.58,F24,76.61,G24,4.8912
2023-12-13,69.47,F24,74.26,G24,4.958
2023-12-12,68.61,F24,73.24,G24,4.9476
2023-12-11,71.32,F24,76.03,G24,4.944
2023-12-08,71.23,F24,75.84,G24,4.9158
2023-12-07,69.34,F24,74.05,G24,4.8949
2023-12-06,69.38,F24,74.3,G24,4.9031
2023-12-05,72.32,F24,77.2,G24,4.9522
2023-12-04,73.04,F24,78.03,G24,4.9091
2023-12-01,74.07,F24,78.88,G24,4.9191
2023-11-30,75.96,F24,82.83,G24,4.9355
2023-11-29,77.86,F24,83.1,G24,4.8933
2023-11-28,76.41,F24,81.68,G24,4.8867
2023-11-27,74.86,F24,79.98,G24,4.8951
2023-11-24,75.54,F24,80.58,F24,4.8927
2023-11-23,,F24,81.37,F24,4.8931
2023-11-22,77.1,F24,81.96,F24,4.8968
2023-11-21,77.77,F24,82.45,F24,4.8806
2023-11-20,77.6,Z23,82.32,F24,4.8723
2023-11-17,75.89,Z23,80.61,F24,4.8849
2023-11-16,72.9,Z23,77.42,F24,4.8575
2023-11-15,76.66,Z23,81.18,F24,
2023-11-14,78.26,Z23,82.47,F24,4.8682
2023-11-13,78.26,Z23,82.52,F24,4.9247
2023-11-10,77.17,Z23,81.43,F24,4.9219
2023-11-09,75.74,Z23,80.01,F24,4.9007
2023-11-08,75.33,Z23,79.54,F24,4.8855
2023-11-07,77.37,Z23,81.61,F24,4.867
2023-11-06,80.82,Z23,85.18,F24,4.8999
2023-11-03,80.51,Z23,84.89,F24,4.891
2023-11-02,82.46,Z23,86.85,F24,
2023-11-01,80.44,Z23,84.63,F24,5.0194
2023-10-31,81.02,Z23,87.41,F24,5.0575
2023-10-30,82.31,Z23,87.45,F24,5.0074
2023-10-27,85.54,Z23,90.48,F24,4.948
2023-10-26,83.21,Z23,87.93,F24,5.0055
2023-10-25,85.39,Z23,90.13,Z23,4.9981
2023-10-24,83.74,Z23,88.07,Z23,5.0065
2023-10-23,85.49,Z23,89.83,Z23,5.0164
2023-10-20,88.75,X23,92.16,Z23,5.0528
2023-10-19,89.37,X23,92.38,Z23,5.054
2023-10-18,88.32,X23,91.5,Z23,5.0568
2023-10-17,86.66,X23,89.9,Z23,5.0384
2023-10-16,86.66,X23,89.65,Z23,5.0618
2023-10-13,87.69,X23,90.89,Z23,5.0625
2023-10-12,82.91,X23,86.0,Z23,
2023-10-11,83.49,X23,85.82,Z23,5.0496
2023-10-10,85.97,X23,87.65,Z23,5.0862
2023-10-09,86.38,X23,88.15,Z23,5.1666
2023-10-06,82.79,X23,84.58,Z23,5.1918
2023-10-05,82.31,X23,84.07,Z23,5.1713
2023-10-04,84.22,X23,85.81,Z23,5.1526
2023-10-03,89.23,X23,90.92,Z23,5.11
2023-10-02,88.82,X23,90.71,Z23,5.0679
2023-09-29,90.79,X23,95.31,Z23,5.0076
2023-09-28,91.71,X23,95.38,Z23,5.0475
2023-09-27,93.68,X23,96.55,Z23,5.0289
2023-09-26,90.39,X23,93.96,Z23,4.9717
2023-09-25,89.68,X23,93.29,X23,4.9606
2023-09-22,90.03,X23,93.27,X23,4.9131
2023-09-21,89.63,X23,93.3,X23,4.9229
2023-09-20,90.28,V23,93.53,X23,4.8487
2023-09-19,91.2,V23,94.34,X23,4.8575
2023-09-18,91.48,V23,94.43,X23,4.8535
2023-09-15,90.77,V23,93.93,X23,4.8689
2023-09-14,90.16,V23,93.7,X23,4.8751
2023-09-13,88.52,V23,91.88,X23,4.9171
2023-09-12,88.84,V23,92.06,X23,4.9505
2023-09-11,87.29,V23,90.64,X23,4.9366
2023-09-08,87.51,V23,90.65,X23,4.9835
2023-09-07,86.87,V23,89.92,X23,
2023-09-06,87.54,V23,90.6,X23,4.9762
2023-09-05,86.69,V23,90.04,X23,4.9705
2023-09-01,85.55,V23,88.55,X23,4.9318
2023-08-31,83.63,V23,86.86,X23,4.9219
2023-08-30,81.63,V23,85.86,X23,4.8653
2023-08-29,81.16,V23,85.49,X23,4.8706
2023-08-28,80.1,V23,84.42,X23,4.8938
2023-08-25,79.83,V23,84.48,V23,4.8772
2023-08-24,79.05,V23,83.36,V23,4.8748
2023-08-23,78.89,V23,83.21,V23,4.8977
2023-08-22,80.35,V23,84.03,V23,4.9431
2023-08-21,80.72,V23,84.46,V23,4.9847
2023-08-18,81.25,U23,84.8,V23,4.9724
2023-08-17,80.39,U23,84.12,V23,4.9816
2023-08-16,79.38,U23,83.45,V23,4.9772
2023-08-15,80.99,U23,84.89,V23,4.9812
2023-08-14,82.51,U23,86.21,V23,4.9481
2023-08-11,83.19,U23,86.81,V23,4.8918
2023-08-10,82.82,U23,86.4,V23,4.8518
2023-08-09,84.4,U23,87.55,V23,4.9015
2023-08-08,82.92,U23,86.17,V23,4.9217
2023-08-07,81.94,U23,85.34,V23,4.901
2023-08-04,82.82,U23,86.24,V23,4.8609
2023-08-03,81.55,U23,85.14,V23,4.8797
2023-08-02,79.49,U23,83.2,V23,4.8083
2023-08-01,81.37,U23,84.91,V23,4.7752
2023-07-31,81.8,U23,85.56,V23,4.7415
2023-07-28,80.58,U23,84.99,V23,4.7253
2023-07-27,80.09,U23,84.24,V23,4.7202
2023-07-26,78.78,U23,82.92,V23,4.7368
2023-07-25,79.63,U23,83.64,U23,4.7496
2023-07-24,78.74,U23,82.74,U23,4.7457
2023-07-21,77.07,U23,81.07,U23,4.7732
2023-07-20,75.63,Q23,79.64,U23,4.7888
2023-07-19,75.35,Q23,79.46,U23,4.8
2023-07-18,75.75,Q23,79.63,U23,4.804
2023-07-17,74.15,Q23,78.5,U23,4.8302
2023-07-14,75.42,Q23,79.87,U23,4.7957
2023-07-13,76.89,Q23,81.36,U23,4.8038
2023-07-12,75.75,Q23,80.11,U23,4.8058
2023-07-11,74.83,Q23,79.4,U23,4.8949
2023-07-10,72.99,Q23,77.69,U23,4.8735
2023-07-07,73.86,Q23,78.47,U23,4.8799
2023-07-06,71.8,Q23,76.52,U23,4.8977
2023-07-05,71.79,Q23,76.65,U23,4.8577
2023-07-03,69.79,Q23,74.65,U23,4.7876
2023-06-30,70.64,Q23,74.9,U23,4.8192
2023-06-29,69.86,Q23,74.34,U23,4.8584
2023-06-28,69.56,Q23,74.03,U23,4.8563
2023-06-27,67.7,Q23,72.26,U23,4.7903
2023-06-26,69.37,Q23,74.18,U23,4.7698
2023-06-23,69.16,Q23,73.85,Q23,4.7799
2023-06-22,69.51,Q23,74.14,Q23,4.775
2023-06-21,72.53,Q23,77.12,Q23,4.7795
2023-06-20,70.5,N23,75.9,Q23,4.793
2023-06-16,71.78,N23,76.61,Q23,4.8286
2023-06-15,70.62,N23,75.67,Q23,4.8222
2023-06-14,68.27,N23,73.2,Q23,4.8462
2023-06-13,69.42,N23,74.29,Q23,4.8533
2023-06-12,67.12,N23,71.84,Q23,4.8832
2023-06-09,70.17,N23,74.79,Q23,4.8922
2023-06-08,71.29,N23,75.96,Q23,
2023-06-07,72.53,N23,76.95,Q23,4.9119
2023-06-06,71.74,N23,76.29,Q23,4.9292
2023-06-05,72.15,N23,76.71,Q23,4.9236
2023-06-02,71.74,N23,76.13,Q23,4.9558
2023-06-01,70.1,N23,74.28,Q23,5.035
2023-05-31,68.09,N23,72.66,Q23,5.0959
2023-05-30,69.46,N23,73.54,Q23,5.0593
2023-05-26,72.67,N23,76.95,Q23,5.0114
2023-05-25,71.83,N23,76.26,N23,4.999
2023-05-24,74.34,N23,78.36,N23,4.9474
2023-05-23,72.91,N23,76.84,N23,4.9674
2023-05-22,71.99,N23,75.99,N23,4.968
2023-05-19,71.55,M23,75.58,N23,4.9858
2023-05-18,71.86,M23,75.86,N23,4.9647
2023-05-17,72.83,M23,76.96,N23,4.9513
2023-05-16,70.86,M23,74.91,N23,4.9122
2023-05-15,71.11,M23,75.23,N23,4.9103
2023-05-12,70.04,M23,74.17,N23,4.9234
2023-05-11,70.87,M23,74.98,N23,4.9696
2023-05-10,72.56,M23,76.41,N23,4.9547
2023-05-09,73.71,M23,77.44,N23,5.0007
2023-05-08,73.16,M23,77.01,N23,4.9696
2023-05-05,71.34,M23,75.3,N23,4.9696
2023-05-04,68.56,M23,72.5,N23,5.0106
2023-05-03,68.6,M23,72.33,N23,5.0227
2023-05-02,71.66,M23,75.32,N23,5.0334
2023-05-01,75.66,M23,79.31,N23,
2023-04-28,76.78,M23,79.54,N23,5.0007
2023-04-27,74.76,M23,78.37,N23,5.015
2023-04-26,74.3,M23,77.69,N23,5.0585
2023-04-25,77.07,M23,80.77,M23,5.0613
2023-04-24,78.76,M23,82.73,M23,5.0595
2023-04-21,77.87,M23,81.66,M23,
2023-04-20,77.29,K23,81.1,M23,5.0497
2023-04-19,79.16,K23,83.12,M23,5.0467
2023-04-18,80.86,K23,84.77,M23,4.9678
2023-04-17,80.83,K23,84.76,M23,4.9421
2023-04-14,82.52,K23,86.31,M23,4.9455
2023-04-13,82.16,K23,86.09,M23,4.9097
2023-04-12,83.26,K23,87.33,M23,4.9496
2023-04-11,81.53,K23,85.61,M23,5.0128
2023-04-10,79.74,K23,84.18,M23,5.0834
2023-04-06,80.7,K23,85.12,M23,5.0683
2023-04-05,80.61,K23,84.99,M23,5.0447
2023-04-04,80.71,K23,84.94,M23,5.0762
2023-04-03,80.42,K23,84.93,M23,5.0637
2023-03-31,75.67,K23,79.77,M23,5.0804
2023-03-30,74.37,K23,79.27,M23,5.1254
2023-03-29,72.97,K23,78.28,M23,5.1493
2023-03-28,73.2,K23,78.65,M23,5.1733
2023-03-27,72.81,K23,78.12,M23,5.2306
2023-03-24,69.26,K23,74.99,K23,5.2921
2023-03-23,69.96,K23,75.91,K23,5.2632
2023-03-22,70.9,K23,76.69,K23,5.2648
2023-03-21,69.33,K23,75.32,K23,5.2444
2023-03-20,67.64,J23,73.79,K23,5.2467
2023-03-17,66.74,J23,72.97,K23,5.2679
2023-03-16,68.35,J23,74.7,K23,5.2892
2023-03-15,67.61,J23,73.69,K23,5.2981
2023-03-14,71.33,J23,77.45,K23,5.2362
2023-03-13,74.8,J23,80.77,K23,5.24
2023-03-10,76.68,J23,82.78,K23,5.1822
2023-03-09,75.72,J23,81.59,K23,5.1353
2023-03-08,76.66,J23,82.66,K23,5.1387
2023-03-07,77.58,J23,83.29,K23,5.1901
2023-03-06,80.46,J23,86.18,K23,5.197
2023-03-03,79.68,J23,85.83,K23,5.2037
2023-03-02,78.16,J23,84.75,K23,5.208
2023-03-01,77.69,J23,84.31,K23,5.207
2023-02-28,77.05,J23,83.89,K23,5.2078
2023-02-27,75.68,J23,82.45,K23,5.196
2023-02-24,76.32,J23,83.16,J23,5.1791
2023-02-23,75.39,J23,82.21,J23,5.133
2023-02-22,73.95,J23,80.6,J23,5.173
2023-02-21,76.16,J23,83.05,J23,
2023-02-17,76.34,H23,83.0,J23,5.2012
2023-02-16,78.49,H23,85.14,J23,5.2432
2023-02-15,78.59,H23,85.38,J23,5.2243
2023-02-14,79.06,H23,85.58,J23,5.1507
2023-02-13,80.14,H23,86.61,J23,5.1834
2023-02-10,79.72,H23,86.39,J23,5.2526
2023-02-09,78.06,H23,84.5,J23,5.2315
2023-02-08,78.47,H23,85.09,J23,5.2036
2023-02-07,77.14,H23,83.69,J23,5.1695
2023-02-06,74.11,H23,80.99,J23,5.1763
2023-02-03,73.39,H23,79.94,J23,5.103
2023-02-02,75.88,H23,82.17,J23,4.9901
2023-02-01,76.41,H23,82.84,J23,5.0721
2023-01-31,78.87,H23,84.49,J23,5.0993
2023-01-30,77.9,H23,84.9,J23,5.0959
2023-01-27,79.68,H23,86.66,J23,5.0767
2023-01-26,81.01,H23,87.47,J23,5.0951
2023-01-25,80.15,H23,86.12,H23,5.1042
2023-01-24,80.13,H23,86.13,H23,5.1696
2023-01-23,81.62,H23,88.19,H23,5.1922
2023-01-20,81.31,G23,87.63,H23,5.1986
2023-01-19,80.33,G23,86.16,H23,5.2144
2023-01-18,79.48,G23,84.98,H23,5.0909
2023-01-17,80.18,G23,85.92,H23,5.1203
2023-01-13,79.86,G23,85.28,H23,5.1146
2023-01-12,78.39,G23,84.03,H23,5.14
2023-01-11,77.41,G23,82.67,H23,5.202
2023-01-10,75.12,G23,80.1,H23,5.2395
2023-01-09,74.63,G23,79.65,H23,5.2967
2023-01-06,73.77,G23,78.57,H23,5.2855
2023-01-05,73.67,G23,78.69,H23,5.4026
2023-01-04,72.84,G23,77.84,H23,5.4459
2023-01-03,76.93,G23,82.1,H23,5.3759
2022-12-30,80.26,G23,85.91,H23,5.2177
2022-12-29,78.4,G23,82.26,H23,5.2177
2022-12-28,78.96,G23,83.26,H23,5.2736
2022-12-27,79.53,G23,84.33,H23,5.2832
2022-12-23,79.56,G23,83.92,G23,5.1445
2022-12-22,77.49,G23,80.98,G23,5.1871
2022-12-21,78.29,G23,82.2,G23,5.2031
2022-12-20,76.09,F23,79.99,G23,5.2427
2022-12-19,75.19,F23,79.8,G23,5.316
2022-12-16,74.29,F23,79.04,G23,5.2806
2022-12-15,76.11,F23,81.21,G23,5.3183
2022-12-14,77.28,F23,82.7,G23,5.3406
2022-12-13,75.39,F23,80.68,G23,5.2669
2022-12-12,73.17,F23,77.99,G23,5.3066
2022-12-09,71.02,F23,76.1,G23,5.2396
2022-12-08,71.46,F23,76.15,G23,5.2091
2022-12-07,72.01,F23,77.17,G23,5.2208
2022-12-06,74.25,F23,79.35,G23,5.2396
2022-12-05,76.93,F23,82.68,G23,5.2464
2022-12-02,79.98,F23,85.57,G23,5.1974
2022-12-01,81.22,F23,86.88,G23,5.1948
2022-11-30,80.55,F23,85.43,G23,5.2941
2022-11-29,78.2,F23,83.03,G23,5.3076
2022-11-28,77.24,F23,83.19,G23,5.3796
2022-11-25,76.28,F23,83.63,F23,5.3508
2022-11-23,77.94,F23,85.41,F23,5.393
2022-11-22,80.95,F23,88.36,F23,5.3339
2022-11-21,79.73,F23,87.45,F23,5.3259
2022-11-18,80.08,Z22,87.62,F23,5.3477
2022-11-17,81.64,Z22,89.78,F23,5.4655
2022-11-16,85.59,Z22,92.86,F23,5.3204
2022-11-15,86.92,Z22,93.86,F23,
2022-11-14,85.87,Z22,93.14,F23,5.3013
2022-11-11,88.96,Z22,95.99,F23,5.3051
2022-11-10,86.47,Z22,93.67,F23,5.3064
2022-11-09,85.83,Z22,92.65,F23,5.1629
2022-11-08,88.91,Z22,95.36,F23,5.1744
2022-11-07,91.79,Z22,97.92,F23,5.0886
2022-11-04,92.61,Z22,98.57,F23,5.036
2022-11-03,88.17,Z22,94.67,F23,5.1349
2022-11-02,90.0,Z22,96.16,F23,
2022-11-01,88.37,Z22,94.65,F23,5.15
2022-10-31,86.53,Z22,94.83,F23,5.257
2022-10-28,87.9,Z22,95.77,F23,5.3454
2022-10-27,89.08,Z22,96.96,F23,5.3003
2022-10-26,87.91,Z22,95.69,F23,5.3248
2022-10-25,85.32,Z22,93.52,Z22,5.3091
2022-10-24,84.58,Z22,93.26,Z22,5.2744
2022-10-21,85.05,Z22,93.5,Z22,5.1919
2022-10-20,85.98,X22,92.38,Z22,5.2176
2022-10-19,85.55,X22,92.41,Z22,5.2808
2022-10-18,82.82,X22,90.03,Z22,5.2697
2022-10-17,85.46,X22,91.62,Z22,5.2713
2022-10-14,85.61,X22,91.63,Z22,5.2824
2022-10-13,89.11,X22,94.57,Z22,5.3017
2022-10-12,87.27,X22,92.45,Z22,
2022-10-11,89.35,X22,94.29,Z22,5.2068
2022-10-10,91.13,X22,96.19,Z22,5.1941
2022-10-07,92.64,X22,97.92,Z22,5.2221
2022-10-06,88.45,X22,94.42,Z22,5.2009
2022-10-05,87.76,X22,93.37,Z22,5.2144
2022-10-04,86.52,X22,91.8,Z22,5.1411
2022-10-03,83.63,X22,88.86,Z22,5.2002
2022-09-30,79.49,X22,87.96,Z22,5.4066
2022-09-29,81.23,X22,88.49,Z22,5.3916
2022-09-28,82.15,X22,89.32,Z22,5.3594
2022-09-27,78.5,X22,86.27,Z22,5.3508
2022-09-26,76.71,X22,84.06,Z22,5.3548
2022-09-23,78.74,X22,86.15,X22,5.2257
2022-09-22,83.49,X22,90.46,X22,5.1677
2022-09-21,82.94,X22,89.83,X22,5.1692
2022-09-20,84.45,V22,90.62,X22,5.1705
2022-09-19,85.73,V22,92.0,X22,5.2367
2022-09-16,85.11,V22,91.35,X22,5.2882
2022-09-15,85.1,V22,90.84,X22,5.2211
2022-09-14,88.48,V22,94.1,X22,5.1774
2022-09-13,87.31,V22,93.17,X22,5.1794
2022-09-12,87.78,V22,94.0,X22,5.1183
2022-09-09,86.79,V22,92.84,X22,5.1633
2022-09-08,83.54,V22,89.15,X22,5.2155
2022-09-07,81.94,V22,88.0,X22,
2022-09-06,86.88,V22,92.83,X22,5.2228
2022-09-02,86.87,V22,93.02,X22,5.1878
2022-09-01,86.61,V22,92.36,X22,5.2007
2022-08-31,89.55,V22,96.49,X22,5.179
2022-08-30,91.64,V22,99.31,X22,5.0617
2022-08-29,97.01,V22,105.09,X22,5.0428
2022-08-26,93.06,V22,100.99,X22,5.0903
2022-08-25,92.52,V22,99.34,V22,5.1173
2022-08-24,94.89,V22,101.22,V22,5.105
2022-08-23,93.74,V22,100.22,V22,5.103
2022-08-22,90.23,V22,96.48,V22,5.1709
2022-08-19,90.77,U22,96.72,V22,5.1961
2022-08-18,90.5,U22,96.59,V22,5.1773
2022-08-17,88.11,U22,93.65,V22,5.1784
2022-08-16,86.53,U22,92.34,V22,5.134
2022-08-15,89.41,U22,95.1,V22,5.0925
2022-08-12,92.09,U22,98.15,V22,5.1023
2022-08-11,94.34,U22,99.6,V22,5.1127
2022-08-10,91.93,U22,97.4,V22,5.0497
2022-08-09,90.5,U22,96.31,V22,5.1224
2022-08-08,90.76,U22,96.65,V22,5.1247
2022-08-05,89.01,U22,94.92,V22,5.2165
2022-08-04,88.54,U22,94.12,V22,5.2409
2022-08-03,90.66,U22,96.78,V22,5.2846
2022-08-02,94.42,U22,100.54,V22,5.2329
2022-08-01,93.89,U22,100.03,V22,5.1606
2022-07-29,98.62,U22,110.01,V22,5.1884
2022-07-28,96.42,U22,107.14,V22,5.2149
2022-07-27,97.26,U22,106.62,V22,5.3074
2022-07-26,94.98,U22,104.4,V22,5.3608
2022-07-25,96.7,U22,105.15,U22,5.4144
2022-07-22,94.7,U22,103.2,U22,5.4522
2022-07-21,96.35,U22,103.86,U22,5.475
2022-07-20,102.26,Q22,106.92,U22,5.4288
2022-07-19,104.22,Q22,107.35,U22,5.3904
2022-07-18,102.6,Q22,106.27,U22,5.3675
2022-07-15,97.59,Q22,101.16,U22,5.4014
2022-07-14,95.78,Q22,99.1,U22,5.4568
2022-07-13,96.3,Q22,99.57,U22,5.3992
2022-07-12,95.84,Q22,99.49,U22,5.412
2022-07-11,104.09,Q22,107.1,U22,5.3477
2022-07-08,104.79,Q22,107.02,U22,5.3086
2022-07-07,102.73,Q22,104.65,U22,5.364
2022-07-06,98.53,Q22,100.69,U22,5.4321
2022-07-05,99.5,Q22,102.77,U22,5.3899
2022-07-01,108.43,Q22,111.63,U22,5.3142
2022-06-30,105.76,Q22,114.81,U22,5.238
2022-06-29,109.78,Q22,116.26,U22,5.2268
2022-06-28,111.76,Q22,117.98,U22,5.2179
2022-06-27,109.57,Q22,115.09,U22,5.2214
2022-06-24,107.62,Q22,113.12,Q22,5.2334
2022-06-23,104.27,Q22,110.05,Q22,5.1833
2022-06-22,106.19,Q22,111.74,Q22,5.1509
2022-06-21,110.65,Q22,114.65,Q22,5.1462
2022-06-17,109.56,N22,113.12,Q22,5.1313
2022-06-16,117.59,N22,119.81,Q22,
2022-06-15,115.31,N22,118.51,Q22,5.1119
2022-06-14,118.93,N22,121.17,Q22,5.1203
2022-06-13,120.93,N22,122.27,Q22,5.1033
2022-06-10,120.67,N22,122.01,Q22,4.9836
2022-06-09,121.51,N22,123.07,Q22,4.8951
2022-06-08,122.11,N22,123.58,Q22,4.8711
2022-06-07,119.41,N22,120.57,Q22,4.8909
2022-06-06,118.5,N22,119.51,Q22,4.7839
2022-06-03,118.87,N22,119.72,Q22,4.7956
2022-06-02,116.87,N22,117.61,Q22,4.7879
2022-06-01,115.26,N22,116.29,Q22,4.7765
2022-05-31,114.67,N22,122.84,Q22,4.7289
2022-05-27,115.07,N22,119.43,Q22,4.7434
2022-05-26,114.09,N22,117.4,Q22,4.7967
2022-05-25,110.33,N22,114.03,N22,4.8359
2022-05-24,109.77,N22,113.56,N22,4.8106
2022-05-23,110.29,N22,113.42,N22,4.7973
2022-05-20,113.23,M22,112.55,N22,4.8777
2022-05-19,112.21,M22,112.04,N22,4.9198
2022-05-18,109.59,M22,109.11,N22,4.9592
2022-05-17,112.4,M22,111.93,N22,4.9676
2022-05-16,114.2,M22,114.24,N22,5.0666
2022-05-13,110.49,M22,111.55,N22,5.1075
2022-05-12,106.13,M22,107.45,N22,5.1482
2022-05-11,105.71,M22,107.51,N22,5.1244
2022-05-10,99.76,M22,102.46,N22,5.139
2022-05-09,103.09,M22,105.94,N22,5.134
2022-05-06,109.77,M22,112.39,N22,5.075
2022-05-05,108.26,M22,110.9,N22,5.0051
2022-05-04,107.81,M22,110.14,N22,5.0093
2022-05-03,102.41,M22,104.97,N22,5.0167
2022-05-02,105.17,M22,107.58,N22,5.0266
2022-04-29,104.69,M22,109.34,N22,4.9191
2022-04-28,105.36,M22,107.59,N22,5.011
2022-04-27,102.02,M22,105.32,N22,5.0167
2022-04-26,101.7,M22,104.99,N22,4.9666
2022-04-25,98.54,M22,102.32,M22,4.8818
2022-04-22,102.07,M22,106.65,M22,4.7326
2022-04-21,103.79,M22,108.33,M22,
2022-04-20,102.75,K22,106.8,M22,4.6397
2022-04-19,102.56,K22,107.25,M22,4.6664
2022-04-18,108.21,K22,113.16,M22,4.6746
2022-04-14,106.95,K22,111.7,M22,4.7158
2022-04-13,104.25,K22,108.78,M22,4.6811
2022-04-12,100.6,K22,104.64,M22,4.6483
2022-04-11,94.29,K22,98.48,M22,4.7025
2022-04-08,98.26,K22,102.78,M22,4.7513
2022-04-07,96.03,K22,100.58,M22,4.7422
2022-04-06,96.23,K22,101.07,M22,4.6967
2022-04-05,101.96,K22,106.64,M22,4.64
2022-04-04,103.28,K22,107.53,M22,4.6175
2022-04-01,99.27,K22,104.39,M22,4.6984
2022-03-31,100.28,K22,107.91,M22,4.7378
2022-03-30,107.82,K22,113.45,M22,4.7497
2022-03-29,104.24,K22,110.23,M22,4.7486
2022-03-28,105.96,K22,112.48,M22,4.7905
2022-03-25,113.9,K22,120.65,K22,4.7782
2022-03-24,112.34,K22,119.03,K22,4.8067
2022-03-23,114.93,K22,121.6,K22,4.8704
2022-03-22,111.76,K22,115.48,K22,4.9208
2022-03-21,112.12,K22,115.62,K22,4.9666
2022-03-18,104.7,J22,107.93,K22,5.0411
2022-03-17,102.98,J22,106.64,K22,5.0764
2022-03-16,95.04,J22,98.02,K22,5.1287
2022-03-15,96.44,J22,99.91,K22,5.1314
2022-03-14,103.01,J22,106.9,K22,5.0647
2022-03-11,109.33,J22,112.67,K22,5.0255
2022-03-10,106.02,J22,109.33,K22,5.0513
2022-03-09,108.7,J22,111.14,K22,5.0094
2022-03-08,123.7,J22,127.98,K22,5.0903
2022-03-07,119.4,J22,123.21,K22,5.0579
2022-03-04,115.68,J22,118.11,K22,5.0758
2022-03-03,107.67,J22,110.46,K22,5.0479
2022-03-02,110.6,J22,112.93,K22,5.1347
2022-03-01,103.41,J22,104.97,K22,
2022-02-28,95.72,J22,100.99,K22,
2022-02-25,91.59,J22,97.93,J22,5.1394
2022-02-24,92.81,J22,99.08,J22,5.1174
2022-02-23,92.1,J22,96.84,J22,5.0143
2022-02-22,92.35,J22,96.84,J22,5.0611
2022-02-18,91.07,H22,93.54,J22,5.1339
2022-02-17,91.76,H22,92.97,J22,5.1565
2022-02-16,93.66,H22,94.81,J22,5.163
2022-02-15,92.07,H22,93.28,J22,5.1881
2022-02-14,95.46,H22,96.48,J22,5.2106
2022-02-11,93.1,H22,94.44,J22,5.1987
2022-02-10,89.88,H22,91.41,J22,5.2101
2022-02-09,89.66,H22,91.55,J22,5.2735
2022-02-08,89.36,H22,90.78,J22,5.2699
2022-02-07,91.32,H22,92.69,J22,5.2913
2022-02-04,92.31,H22,93.27,J22,5.3284
2022-02-03,90.27,H22,91.11,J22,5.3025
2022-02-02,88.26,H22,89.47,J22,5.2956
2022-02-01,88.2,H22,89.16,J22,5.281
2022-01-31,88.15,H22,91.21,J22,5.3574
2022-01-28,86.82,H22,90.03,J22,5.3954
2022-01-27,86.61,H22,89.34,J22,5.3812
2022-01-26,87.35,H22,89.96,J22,5.4324
2022-01-25,85.6,H22,88.2,H22,5.4971
2022-01-24,83.31,H22,86.27,H22,5.491
2022-01-21,85.14,H22,87.89,H22,5.4401
2022-01-20,86.9,G22,88.38,H22,5.4166
2022-01-19,86.96,G22,88.44,H22,5.4978
2022-01-18,85.43,G22,87.51,H22,5.5213
2022-01-14,83.82,G22,86.06,H22,5.5349
2022-01-13,82.12,G22,84.47,H22,5.5246
2022-01-12,82.64,G22,84.67,H22,5.5611
2022-01-11,81.22,G22,83.72,H22,5.6351
2022-01-10,78.23,G22,80.87,H22,5.6736
2022-01-07,78.9,G22,81.75,H22,5.6753
2022-01-06,79.46,G22,81.99,H22,5.7042
2022-01-05,77.85,G22,80.8,H22,5.6628
2022-01-04,76.99,G22,80.0,H22,5.6776
2022-01-03,76.08,G22,78.98,H22,5.6309
2021-12-31,75.21,G22,77.78,H22,5.5805
2021-12-30,76.99,G22,79.32,H22,5.5805
2021-12-29,76.56,G22,79.23,H22,5.6619
2021-12-28,75.98,G22,78.94,H22,5.6438
2021-12-27,75.57,G22,78.6,H22,5.665
2021-12-23,73.79,G22,76.85,G22,5.691
2021-12-22,72.76,G22,75.29,G22,5.7201
2021-12-21,71.12,G22,73.98,G22,5.7372
2021-12-20,68.23,F22,71.52,G22,5.7055
2021-12-17,70.86,F22,73.52,G22,5.6959
2021-12-16,72.38,F22,75.02,G22,5.6963
2021-12-15,70.87,F22,73.88,G22,5.7127
2021-12-14,70.73,F22,73.7,G22,5.6461
2021-12-13,71.29,F22,74.39,G22,5.6357
2021-12-10,71.67,F22,75.15,G22,5.5931
2021-12-09,70.94,F22,74.42,G22,5.5564
2021-12-08,72.36,F22,75.82,G22,5.5779
2021-12-07,72.05,F22,75.44,G22,5.6411
2021-12-06,69.49,F22,73.08,G22,5.6877
2021-12-03,66.26,F22,69.88,G22,5.6432
2021-12-02,66.5,F22,69.67,G22,5.6345
2021-12-01,65.57,F22,68.87,G22,5.6168
2021-11-30,66.18,F22,70.57,G22,5.6199
2021-11-29,69.95,F22,73.44,G22,5.6118
2021-11-26,68.15,F22,72.72,G22,5.5865
2021-11-24,78.39,F22,82.25,F22,5.6027
2021-11-23,78.5,F22,82.31,F22,5.6456
2021-11-22,76.75,F22,79.7,F22,5.5841
2021-11-19,76.1,Z21,78.89,F22,5.5584
2021-11-18,79.01,Z21,81.24,F22,5.547
2021-11-17,78.36,Z21,80.28,F22,5.4993
2021-11-16,80.76,Z21,82.43,F22,5.4772
2021-11-15,80.88,Z21,82.05,F22,
2021-11-12,80.79,Z21,82.17,F22,5.4199
2021-11-11,81.59,Z21,82.87,F22,5.4171
2021-11-10,81.34,Z21,82.64,F22,5.459
2021-11-09,84.15,Z21,84.78,F22,5.4957
2021-11-08,81.93,Z21,83.43,F22,5.5627
2021-11-05,81.27,Z21,82.74,F22,5.5455
2021-11-04,78.81,Z21,80.54,F22,5.5942
2021-11-03,80.86,Z21,81.99,F22,5.6672
2021-11-02,83.91,Z21,84.72,F22,
2021-11-01,84.05,Z21,84.71,F22,5.6694
2021-10-29,83.57,Z21,84.38,F22,5.643
2021-10-28,82.81,Z21,84.32,F22,5.6124
2021-10-27,82.66,Z21,84.58,F22,5.5667
2021-10-26,84.65,Z21,86.4,F22,5.58
2021-10-25,83.76,Z21,85.99,Z21,5.5973
2021-10-22,83.76,Z21,85.53,Z21,5.7117
2021-10-21,82.5,Z21,84.61,Z21,5.6423
2021-10-20,83.87,X21,85.82,Z21,5.5571
2021-10-19,82.96,X21,85.08,Z21,5.5521
2021-10-18,82.44,X21,84.33,Z21,5.5193
2021-10-15,82.28,X21,84.86,Z21,5.451
2021-10-14,81.31,X21,84.0,Z21,5.4988
2021-10-13,80.44,X21,83.18,Z21,5.5471
2021-10-12,80.64,X21,83.42,Z21,
2021-10-11,80.52,X21,83.65,Z21,5.5161
2021-10-08,79.35,X21,82.39,Z21,5.5084
2021-10-07,78.3,X21,81.95,Z21,5.514
2021-10-06,77.43,X21,81.08,Z21,5.5097
2021-10-05,78.93,X21,82.56,Z21,5.4611
2021-10-04,77.62,X21,81.26,Z21,5.4204
2021-10-01,75.88,X21,79.28,Z21,5.3911
2021-09-30,75.03,X21,78.52,Z21,5.4394
2021-09-29,74.83,X21,78.64,Z21,5.4173
2021-09-28,75.29,X21,79.09,Z21,5.4206
2021-09-27,75.45,X21,79.53,Z21,5.3478
2021-09-24,73.98,X21,78.09,X21,5.3435
2021-09-23,73.3,X21,77.25,X21,5.2891
2021-09-22,72.23,X21,76.19,X21,5.2783
2021-09-21,70.56,X21,74.36,X21,5.3044
2021-09-20,70.29,V21,73.92,X21,5.3332
2021-09-17,71.97,V21,75.34,X21,5.3103
2021-09-16,72.61,V21,75.67,X21,5.2594
2021-09-15,72.61,V21,75.46,X21,5.2576
2021-09-14,70.46,V21,73.6,X21,5.226
2021-09-13,70.45,V21,73.51,X21,5.219
2021-09-10,69.72,V21,72.92,X21,5.2158
2021-09-09,68.14,V21,71.45,X21,5.2825
2021-09-08,69.3,V21,72.6,X21,5.2524
2021-09-07,68.35,V21,71.69,X21,
2021-09-03,69.29,V21,72.61,X21,5.1685
2021-09-02,69.99,V21,73.03,X21,5.1735
2021-09-01,68.59,V21,71.59,X21,5.1576
2021-08-31,68.5,V21,72.99,X21,5.1433
2021-08-30,69.21,V21,73.41,X21,5.1952
2021-08-27,68.74,V21,72.7,X21,5.22
2021-08-26,67.42,V21,71.07,X21,5.2429
2021-08-25,68.36,V21,72.25,V21,5.2465
2021-08-24,67.54,V21,71.05,V21,5.3017
2021-08-23,65.64,V21,68.75,V21,5.3686
2021-08-20,62.32,U21,65.18,V21,5.4274
2021-08-19,63.69,U21,66.45,V21,5.418
2021-08-18,65.46,U21,68.23,V21,5.3025
2021-08-17,66.59,U21,69.03,V21,5.2585
2021-08-16,67.29,U21,69.51,V21,5.2495
2021-08-13,68.44,U21,70.59,V21,5.2474
2021-08-12,69.09,U21,71.31,V21,5.2351
2021-08-11,69.25,U21,71.44,V21,5.2013
2021-08-10,68.29,U21,70.63,V21,5.2217
2021-08-09,66.48,U21,69.04,V21,5.2774
2021-08-06,68.28,U21,70.7,V21,5.241
2021-08-05,69.09,U21,71.29,V21,5.1464
2021-08-04,68.15,U21,70.38,V21,5.2091
2021-08-03,70.56,U21,72.41,V21,5.2464
2021-08-02,71.26,U21,72.89,V21,5.1379
2021-07-30,73.95,U21,76.33,V21,5.1216
2021-07-29,73.62,U21,76.05,V21,5.0682
2021-07-28,72.39,U21,74.74,V21,5.1527
2021-07-27,71.65,U21,74.48,V21,5.1669
2021-07-26,71.91,U21,74.5,V21,5.1863
2021-07-23,72.07,U21,74.1,U21,5.1701
2021-07-22,71.91,U21,73.79,U21,5.1978
2021-07-21,70.3,U21,72.23,U21,5.2516
2021-07-20,67.42,Q21,69.35,U21,5.2465
2021-07-19,66.42,Q21,68.62,U21,5.1978
2021-07-16,71.81,Q21,73.59,U21,5.0941
2021-07-15,71.65,Q21,73.47,U21,5.1
2021-07-14,73.13,Q21,74.76,U21,5.088
2021-07-13,75.25,Q21,76.49,U21,5.177
2021-07-12,74.1,Q21,75.16,U21,5.2239
2021-07-09,74.56,Q21,75.55,U21,5.2393
2021-07-08,72.94,Q21,74.12,U21,5.2587
2021-07-07,72.2,Q21,73.43,U21,5.2328
2021-07-06,73.37,Q21,74.53,U21,5.1645
2021-07-02,75.16,Q21,76.17,U21,5.0293
2021-07-01,75.23,Q21,75.84,U21,5.0055
2021-06-30,73.47,Q21,75.13,U21,5.0022
2021-06-29,72.98,Q21,74.76,U21,4.945
2021-06-28,72.91,Q21,74.68,U21,4.942
2021-06-25,74.05,Q21,76.18,Q21,4.9206
2021-06-24,73.3,Q21,75.56,Q21,4.9277
2021-06-23,73.08,Q21,75.19,Q21,4.9519
2021-06-22,73.06,Q21,74.81,Q21,5.0178
2021-06-21,73.66,Q21,74.9,Q21,5.0373
2021-06-18,71.64,N21,73.51,Q21,5.0314
2021-06-17,71.04,N21,73.08,Q21,5.0359
2021-06-16,72.15,N21,74.39,Q21,5.0207
2021-06-15,72.12,N21,73.99,Q21,5.0874
2021-06-14,70.88,N21,72.86,Q21,5.0707
2021-06-11,70.91,N21,72.69,Q21,5.119
2021-06-10,70.29,N21,72.52,Q21,5.0635
2021-06-09,69.96,N21,72.22,Q21,5.0533
2021-06-08,70.05,N21,72.22,Q21,5.0489
2021-06-07,69.23,N21,71.49,Q21,5.0498
2021-06-04,69.62,N21,71.89,Q21,5.0666
2021-06-03,68.81,N21,71.31,Q21,
2021-06-02,68.83,N21,71.35,Q21,5.1147
2021-06-01,67.72,N21,70.25,Q21,5.1636
2021-05-28,66.32,N21,69.63,Q21,5.2281
2021-05-27,66.85,N21,69.46,Q21,5.284
2021-05-26,66.21,N21,68.87,Q21,5.3164
2021-05-25,66.07,N21,68.65,N21,5.3143
2021-05-24,66.05,N21,68.46,N21,5.3198
